,fname,tnum,task_phase,trial_type,forced,picked_best,rt,ch_side,left_type,left_prob,right_type,right_prob,chosen_prob,chosen_type,best_type,best_prob,best_side
1,K20240224,1.0,1.0,1.0,1.0,1.0,153.0,1.0,1.0,0.0,1.0,20.0,20.0,1.0,1.0,20.0,1.0
2,K20240224,2.0,1.0,1.0,0.0,1.0,146.0,1.0,1.0,20.0,1.0,80.0,80.0,1.0,1.0,80.0,1.0
3,K20240224,3.0,1.0,1.0,0.0,0.0,1402.0,1.0,1.0,80.0,1.0,20.0,20.0,1.0,1.0,80.0,-1.0
4,K20240224,4.0,1.0,1.0,1.0,1.0,139.0,1.0,1.0,0.0,1.0,50.0,50.0,1.0,1.0,50.0,1.0
5,K20240224,5.0,1.0,1.0,0.0,0.0,1892.0,1.0,1.0,50.0,1.0,20.0,20.0,1.0,1.0,50.0,-1.0
6,K20240224,6.0,1.0,1.0,0.0,1.0,172.0,1.0,1.0,20.0,1.0,50.0,50.0,1.0,1.0,50.0,1.0
7,K20240224,7.0,1.0,1.0,1.0,1.0,153.0,1.0,1.0,0.0,1.0,80.0,80.0,1.0,1.0,80.0,1.0
8,K20240224,8.0,1.0,1.0,0.0,1.0,155.0,1.0,1.0,50.0,1.0,80.0,80.0,1.0,1.0,80.0,1.0
9,K20240224,9.0,1.0,1.0,0.0,1.0,171.0,1.0,1.0,20.0,1.0,80.0,80.0,1.0,1.0,80.0,1.0
10,K20240224,10.0,1.0,1.0,0.0,1.0,167.0,1.0,1.0,50.0,1.0,80.0,80.0,1.0,1.0,80.0,1.0
11,K20240224,11.0,1.0,1.0,1.0,1.0,154.0,1.0,1.0,0.0,1.0,80.0,80.0,1.0,1.0,80.0,1.0
12,K20240224,12.0,1.0,1.0,1.0,1.0,172.0,1.0,1.0,0.0,1.0,50.0,50.0,1.0,1.0,50.0,1.0
13,K20240224,13.0,1.0,1.0,0.0,0.0,1344.0,1.0,1.0,50.0,1.0,20.0,20.0,1.0,1.0,50.0,-1.0
14,K20240224,14.0,1.0,1.0,0.0,0.0,1252.0,1.0,1.0,80.0,1.0,50.0,50.0,1.0,1.0,80.0,-1.0
15,K20240224,15.0,1.0,1.0,0.0,1.0,149.0,1.0,1.0,20.0,1.0,50.0,50.0,1.0,1.0,50.0,1.0
16,K20240224,16.0,1.0,1.0,1.0,1.0,184.0,1.0,1.0,0.0,1.0,20.0,20.0,1.0,1.0,20.0,1.0
17,K20240224,17.0,1.0,1.0,0.0,1.0,184.0,1.0,1.0,50.0,1.0,80.0,80.0,1.0,1.0,80.0,1.0
18,K20240224,18.0,1.0,1.0,1.0,1.0,137.0,1.0,1.0,0.0,1.0,80.0,80.0,1.0,1.0,80.0,1.0
19,K20240224,19.0,1.0,1.0,0.0,0.0,904.0,1.0,1.0,80.0,1.0,50.0,50.0,1.0,1.0,80.0,-1.0
20,K20240224,20.0,1.0,1.0,0.0,1.0,171.0,1.0,1.0,20.0,1.0,50.0,50.0,1.0,1.0,50.0,1.0
21,K20240224,21.0,1.0,1.0,0.0,1.0,164.0,1.0,1.0,20.0,1.0,80.0,80.0,1.0,1.0,80.0,1.0
22,K20240224,22.0,1.0,1.0,0.0,0.0,2118.0,1.0,1.0,80.0,1.0,20.0,20.0,1.0,1.0,80.0,-1.0
23,K20240224,23.0,1.0,1.0,1.0,1.0,138.0,1.0,1.0,0.0,1.0,50.0,50.0,1.0,1.0,50.0,1.0
24,K20240224,24.0,1.0,1.0,1.0,1.0,171.0,1.0,1.0,0.0,1.0,20.0,20.0,1.0,1.0,20.0,1.0
25,K20240224,25.0,1.0,1.0,0.0,1.0,165.0,1.0,1.0,20.0,1.0,50.0,50.0,1.0,1.0,50.0,1.0
26,K20240224,26.0,1.0,1.0,0.0,0.0,944.0,1.0,1.0,80.0,1.0,50.0,50.0,1.0,1.0,80.0,-1.0
27,K20240224,27.0,1.0,1.0,0.0,1.0,173.0,1.0,1.0,50.0,1.0,80.0,80.0,1.0,1.0,80.0,1.0
28,K20240224,28.0,1.0,1.0,1.0,1.0,171.0,1.0,1.0,0.0,1.0,20.0,20.0,1.0,1.0,20.0,1.0
29,K20240224,29.0,1.0,1.0,0.0,0.0,1625.0,1.0,1.0,80.0,1.0,20.0,20.0,1.0,1.0,80.0,-1.0
30,K20240224,30.0,1.0,1.0,1.0,1.0,140.0,1.0,1.0,0.0,1.0,80.0,80.0,1.0,1.0,80.0,1.0
31,K20240224,31.0,1.0,1.0,0.0,0.0,1386.0,1.0,1.0,50.0,1.0,20.0,20.0,1.0,1.0,50.0,-1.0
32,K20240224,32.0,1.0,1.0,0.0,1.0,164.0,1.0,1.0,20.0,1.0,80.0,80.0,1.0,1.0,80.0,1.0
33,K20240224,33.0,1.0,1.0,1.0,1.0,143.0,1.0,1.0,0.0,1.0,50.0,50.0,1.0,1.0,50.0,1.0
34,K20240224,34.0,1.0,1.0,0.0,1.0,170.0,1.0,1.0,50.0,1.0,80.0,80.0,1.0,1.0,80.0,1.0
35,K20240224,35.0,1.0,1.0,1.0,1.0,163.0,1.0,1.0,0.0,1.0,20.0,20.0,1.0,1.0,20.0,1.0
36,K20240224,36.0,1.0,1.0,0.0,0.0,1428.0,1.0,1.0,80.0,1.0,50.0,50.0,1.0,1.0,80.0,-1.0
37,K20240224,37.0,1.0,1.0,0.0,1.0,167.0,1.0,1.0,20.0,1.0,50.0,50.0,1.0,1.0,50.0,1.0
38,K20240224,38.0,1.0,1.0,1.0,1.0,133.0,1.0,1.0,0.0,1.0,80.0,80.0,1.0,1.0,80.0,1.0
39,K20240224,39.0,1.0,1.0,0.0,0.0,2141.0,1.0,1.0,80.0,1.0,20.0,20.0,1.0,1.0,80.0,-1.0
40,K20240224,40.0,1.0,1.0,1.0,1.0,163.0,1.0,1.0,0.0,1.0,50.0,50.0,1.0,1.0,50.0,1.0
41,K20240224,41.0,1.0,1.0,0.0,1.0,170.0,1.0,1.0,20.0,1.0,80.0,80.0,1.0,1.0,80.0,1.0
42,K20240224,42.0,1.0,1.0,0.0,0.0,1817.0,1.0,1.0,50.0,1.0,20.0,20.0,1.0,1.0,50.0,-1.0
43,K20240224,43.0,1.0,1.0,0.0,0.0,1464.0,1.0,1.0,80.0,1.0,20.0,20.0,1.0,1.0,80.0,-1.0
44,K20240224,44.0,1.0,1.0,-1.0,1.0,2512.0,-1.0,1.0,50.0,1.0,0.0,50.0,1.0,1.0,50.0,-1.0
45,K20240224,45.0,1.0,1.0,0.0,1.0,156.0,1.0,1.0,20.0,1.0,50.0,50.0,1.0,1.0,50.0,1.0
46,K20240224,46.0,1.0,1.0,1.0,1.0,156.0,1.0,1.0,0.0,1.0,80.0,80.0,1.0,1.0,80.0,1.0
47,K20240224,47.0,1.0,1.0,1.0,1.0,151.0,1.0,1.0,0.0,1.0,20.0,20.0,1.0,1.0,20.0,1.0
48,K20240224,48.0,1.0,1.0,1.0,1.0,155.0,1.0,1.0,0.0,1.0,50.0,50.0,1.0,1.0,50.0,1.0
49,K20240224,49.0,1.0,1.0,0.0,1.0,162.0,1.0,1.0,20.0,1.0,80.0,80.0,1.0,1.0,80.0,1.0
50,K20240224,50.0,1.0,1.0,0.0,0.0,1948.0,1.0,1.0,50.0,1.0,20.0,20.0,1.0,1.0,50.0,-1.0
51,K20240224,51.0,1.0,1.0,0.0,1.0,175.0,1.0,1.0,50.0,1.0,80.0,80.0,1.0,1.0,80.0,1.0
52,K20240224,52.0,1.0,1.0,0.0,0.0,187.0,1.0,1.0,80.0,1.0,50.0,50.0,1.0,1.0,80.0,-1.0
53,K20240224,53.0,1.0,1.0,0.0,1.0,143.0,1.0,1.0,20.0,1.0,80.0,80.0,1.0,1.0,80.0,1.0
54,K20240224,54.0,1.0,1.0,0.0,0.0,1385.0,1.0,1.0,50.0,1.0,20.0,20.0,1.0,1.0,50.0,-1.0
55,K20240224,55.0,1.0,1.0,0.0,0.0,877.0,1.0,1.0,80.0,1.0,20.0,20.0,1.0,1.0,80.0,-1.0
56,K20240224,56.0,1.0,1.0,1.0,1.0,141.0,1.0,1.0,0.0,1.0,50.0,50.0,1.0,1.0,50.0,1.0
57,K20240224,57.0,1.0,1.0,0.0,1.0,176.0,1.0,1.0,50.0,1.0,80.0,80.0,1.0,1.0,80.0,1.0
58,K20240224,58.0,1.0,1.0,0.0,0.0,155.0,1.0,1.0,80.0,1.0,50.0,50.0,1.0,1.0,80.0,-1.0
59,K20240224,59.0,1.0,1.0,0.0,1.0,158.0,1.0,1.0,20.0,1.0,50.0,50.0,1.0,1.0,50.0,1.0
60,K20240224,60.0,1.0,1.0,1.0,1.0,162.0,1.0,1.0,0.0,1.0,20.0,20.0,1.0,1.0,20.0,1.0
61,K20240224,61.0,1.0,1.0,1.0,1.0,157.0,1.0,1.0,0.0,1.0,80.0,80.0,1.0,1.0,80.0,1.0
62,K20240224,62.0,1.0,1.0,1.0,1.0,157.0,1.0,1.0,0.0,1.0,80.0,80.0,1.0,1.0,80.0,1.0
63,K20240224,63.0,1.0,1.0,0.0,0.0,905.0,1.0,1.0,50.0,1.0,20.0,20.0,1.0,1.0,50.0,-1.0
64,K20240224,64.0,1.0,1.0,1.0,1.0,146.0,1.0,1.0,0.0,1.0,20.0,20.0,1.0,1.0,20.0,1.0
65,K20240224,65.0,1.0,1.0,0.0,0.0,750.0,1.0,1.0,80.0,1.0,50.0,50.0,1.0,1.0,80.0,-1.0
66,K20240224,66.0,1.0,1.0,0.0,1.0,128.0,1.0,1.0,20.0,1.0,80.0,80.0,1.0,1.0,80.0,1.0
67,K20240224,67.0,1.0,1.0,0.0,1.0,173.0,1.0,1.0,20.0,1.0,50.0,50.0,1.0,1.0,50.0,1.0
68,K20240224,68.0,1.0,1.0,1.0,1.0,135.0,1.0,1.0,0.0,1.0,50.0,50.0,1.0,1.0,50.0,1.0
69,K20240224,69.0,1.0,1.0,0.0,1.0,171.0,1.0,1.0,50.0,1.0,80.0,80.0,1.0,1.0,80.0,1.0
70,K20240224,70.0,1.0,1.0,1.0,1.0,158.0,1.0,1.0,0.0,1.0,20.0,20.0,1.0,1.0,20.0,1.0
71,K20240224,71.0,1.0,1.0,0.0,1.0,166.0,1.0,1.0,20.0,1.0,80.0,80.0,1.0,1.0,80.0,1.0
72,K20240224,72.0,1.0,1.0,0.0,0.0,1603.0,1.0,1.0,80.0,1.0,20.0,20.0,1.0,1.0,80.0,-1.0
73,K20240224,73.0,1.0,1.0,0.0,0.0,1486.0,1.0,1.0,50.0,1.0,20.0,20.0,1.0,1.0,50.0,-1.0
74,K20240224,74.0,1.0,1.0,0.0,1.0,188.0,1.0,1.0,20.0,1.0,50.0,50.0,1.0,1.0,50.0,1.0
75,K20240224,75.0,1.0,1.0,1.0,1.0,140.0,1.0,1.0,0.0,1.0,80.0,80.0,1.0,1.0,80.0,1.0
76,K20240224,76.0,1.0,1.0,0.0,1.0,187.0,1.0,1.0,50.0,1.0,80.0,80.0,1.0,1.0,80.0,1.0
77,K20240224,77.0,1.0,1.0,0.0,0.0,167.0,1.0,1.0,80.0,1.0,50.0,50.0,1.0,1.0,80.0,-1.0
78,K20240224,78.0,1.0,1.0,1.0,1.0,140.0,1.0,1.0,0.0,1.0,50.0,50.0,1.0,1.0,50.0,1.0
79,K20240224,79.0,1.0,1.0,0.0,0.0,179.0,1.0,1.0,80.0,1.0,50.0,50.0,1.0,1.0,80.0,-1.0
80,K20240224,80.0,1.0,1.0,0.0,1.0,139.0,1.0,1.0,20.0,1.0,50.0,50.0,1.0,1.0,50.0,1.0
81,K20240224,81.0,1.0,1.0,1.0,1.0,152.0,1.0,1.0,0.0,1.0,50.0,50.0,1.0,1.0,50.0,1.0
82,K20240224,82.0,1.0,1.0,0.0,0.0,768.0,1.0,1.0,80.0,1.0,20.0,20.0,1.0,1.0,80.0,-1.0
83,K20240224,83.0,1.0,1.0,0.0,1.0,172.0,1.0,1.0,50.0,1.0,80.0,80.0,1.0,1.0,80.0,1.0
84,K20240224,84.0,1.0,1.0,1.0,1.0,144.0,1.0,1.0,0.0,1.0,80.0,80.0,1.0,1.0,80.0,1.0
85,K20240224,85.0,1.0,1.0,0.0,1.0,143.0,1.0,1.0,20.0,1.0,80.0,80.0,1.0,1.0,80.0,1.0
86,K20240224,86.0,1.0,1.0,1.0,1.0,160.0,1.0,1.0,0.0,1.0,20.0,20.0,1.0,1.0,20.0,1.0
87,K20240224,87.0,2.0,2.0,0.0,1.0,155.0,1.0,2.0,20.0,2.0,80.0,80.0,2.0,2.0,80.0,1.0
88,K20240224,88.0,2.0,2.0,1.0,1.0,126.0,1.0,2.0,0.0,2.0,20.0,20.0,2.0,2.0,20.0,1.0
89,K20240224,89.0,2.0,2.0,0.0,1.0,145.0,-1.0,2.0,80.0,2.0,20.0,80.0,2.0,2.0,80.0,-1.0
90,K20240224,90.0,2.0,2.0,0.0,0.0,984.0,1.0,2.0,50.0,2.0,20.0,20.0,2.0,2.0,50.0,-1.0
91,K20240224,91.0,2.0,2.0,0.0,1.0,154.0,-1.0,2.0,80.0,2.0,50.0,80.0,2.0,2.0,80.0,-1.0
92,K20240224,92.0,2.0,2.0,0.0,1.0,158.0,1.0,2.0,20.0,2.0,50.0,50.0,2.0,2.0,50.0,1.0
93,K20240224,93.0,2.0,2.0,1.0,1.0,122.0,1.0,2.0,0.0,2.0,50.0,50.0,2.0,2.0,50.0,1.0
94,K20240224,94.0,2.0,2.0,-1.0,1.0,174.0,-1.0,2.0,20.0,2.0,0.0,20.0,2.0,2.0,20.0,-1.0
95,K20240224,95.0,2.0,2.0,0.0,1.0,142.0,1.0,2.0,50.0,2.0,80.0,80.0,2.0,2.0,80.0,1.0
96,K20240224,96.0,2.0,2.0,1.0,1.0,171.0,1.0,2.0,0.0,2.0,80.0,80.0,2.0,2.0,80.0,1.0
97,K20240224,97.0,2.0,2.0,1.0,1.0,104.0,1.0,2.0,0.0,2.0,80.0,80.0,2.0,2.0,80.0,1.0
98,K20240224,98.0,2.0,2.0,0.0,0.0,920.0,1.0,2.0,50.0,2.0,20.0,20.0,2.0,2.0,50.0,-1.0
99,K20240224,99.0,2.0,2.0,0.0,1.0,154.0,-1.0,2.0,80.0,2.0,50.0,80.0,2.0,2.0,80.0,-1.0
100,K20240224,100.0,2.0,2.0,0.0,1.0,160.0,1.0,2.0,20.0,2.0,50.0,50.0,2.0,2.0,50.0,1.0
101,K20240224,101.0,2.0,2.0,0.0,1.0,135.0,1.0,2.0,50.0,2.0,80.0,80.0,2.0,2.0,80.0,1.0
102,K20240224,102.0,2.0,2.0,1.0,1.0,177.0,1.0,2.0,0.0,2.0,20.0,20.0,2.0,2.0,20.0,1.0
103,K20240224,103.0,2.0,2.0,0.0,1.0,323.0,1.0,2.0,20.0,2.0,80.0,80.0,2.0,2.0,80.0,1.0
104,K20240224,104.0,2.0,2.0,1.0,1.0,125.0,1.0,2.0,0.0,2.0,50.0,50.0,2.0,2.0,50.0,1.0
105,K20240224,105.0,2.0,2.0,-1.0,1.0,165.0,-1.0,2.0,20.0,2.0,0.0,20.0,2.0,2.0,20.0,-1.0
106,K20240224,106.0,2.0,2.0,0.0,0.0,921.0,1.0,2.0,80.0,2.0,20.0,20.0,2.0,2.0,80.0,-1.0
107,K20240224,107.0,2.0,2.0,-1.0,1.0,144.0,-1.0,2.0,80.0,2.0,0.0,80.0,2.0,2.0,80.0,-1.0
108,K20240224,108.0,2.0,2.0,0.0,1.0,166.0,-1.0,2.0,50.0,2.0,20.0,50.0,2.0,2.0,50.0,-1.0
109,K20240224,109.0,2.0,2.0,0.0,1.0,137.0,1.0,2.0,20.0,2.0,80.0,80.0,2.0,2.0,80.0,1.0
110,K20240224,110.0,2.0,2.0,1.0,1.0,138.0,1.0,2.0,0.0,2.0,80.0,80.0,2.0,2.0,80.0,1.0
111,K20240224,111.0,2.0,2.0,-1.0,1.0,162.0,-1.0,2.0,80.0,2.0,0.0,80.0,2.0,2.0,80.0,-1.0
112,K20240224,112.0,2.0,2.0,0.0,1.0,165.0,1.0,2.0,50.0,2.0,80.0,80.0,2.0,2.0,80.0,1.0
113,K20240224,113.0,2.0,2.0,-1.0,1.0,219.0,-1.0,2.0,20.0,2.0,0.0,20.0,2.0,2.0,20.0,-1.0
114,K20240224,114.0,2.0,2.0,1.0,1.0,171.0,1.0,2.0,0.0,2.0,20.0,20.0,2.0,2.0,20.0,1.0
115,K20240224,115.0,2.0,2.0,0.0,1.0,150.0,-1.0,2.0,80.0,2.0,20.0,80.0,2.0,2.0,80.0,-1.0
116,K20240224,116.0,2.0,2.0,0.0,1.0,142.0,1.0,2.0,20.0,2.0,50.0,50.0,2.0,2.0,50.0,1.0
117,K20240224,117.0,2.0,2.0,1.0,1.0,129.0,1.0,2.0,0.0,2.0,50.0,50.0,2.0,2.0,50.0,1.0
118,K20240224,118.0,2.0,2.0,0.0,1.0,150.0,-1.0,2.0,80.0,2.0,50.0,80.0,2.0,2.0,80.0,-1.0
119,K20240224,119.0,2.0,2.0,1.0,1.0,191.0,1.0,2.0,0.0,2.0,50.0,50.0,2.0,2.0,50.0,1.0
120,K20240224,120.0,2.0,2.0,0.0,1.0,150.0,-1.0,2.0,80.0,2.0,50.0,80.0,2.0,2.0,80.0,-1.0
121,K20240224,121.0,2.0,2.0,0.0,1.0,137.0,1.0,2.0,20.0,2.0,80.0,80.0,2.0,2.0,80.0,1.0
122,K20240224,122.0,2.0,2.0,-1.0,1.0,2759.0,-1.0,2.0,50.0,2.0,0.0,50.0,2.0,2.0,50.0,-1.0
123,K20240224,123.0,2.0,2.0,1.0,1.0,198.0,1.0,2.0,0.0,2.0,20.0,20.0,2.0,2.0,20.0,1.0
124,K20240224,124.0,2.0,2.0,0.0,1.0,154.0,-1.0,2.0,80.0,2.0,20.0,80.0,2.0,2.0,80.0,-1.0
125,K20240224,125.0,2.0,2.0,-1.0,1.0,192.0,-1.0,2.0,20.0,2.0,0.0,20.0,2.0,2.0,20.0,-1.0
126,K20240224,126.0,2.0,2.0,0.0,1.0,154.0,1.0,2.0,50.0,2.0,80.0,80.0,2.0,2.0,80.0,1.0
127,K20240224,127.0,2.0,2.0,0.0,1.0,146.0,1.0,2.0,20.0,2.0,50.0,50.0,2.0,2.0,50.0,1.0
128,K20240224,128.0,2.0,2.0,1.0,1.0,142.0,1.0,2.0,0.0,2.0,80.0,80.0,2.0,2.0,80.0,1.0
129,K20240224,129.0,2.0,2.0,0.0,0.0,761.0,1.0,2.0,50.0,2.0,20.0,20.0,2.0,2.0,50.0,-1.0
130,K20240224,130.0,2.0,2.0,-1.0,1.0,189.0,-1.0,2.0,20.0,2.0,0.0,20.0,2.0,2.0,20.0,-1.0
131,K20240224,131.0,2.0,2.0,-1.0,1.0,153.0,-1.0,2.0,80.0,2.0,0.0,80.0,2.0,2.0,80.0,-1.0
132,K20240224,132.0,2.0,2.0,0.0,1.0,150.0,1.0,2.0,20.0,2.0,80.0,80.0,2.0,2.0,80.0,1.0
133,K20240224,133.0,2.0,2.0,0.0,1.0,159.0,-1.0,2.0,80.0,2.0,20.0,80.0,2.0,2.0,80.0,-1.0
134,K20240224,134.0,2.0,2.0,1.0,1.0,155.0,1.0,2.0,0.0,2.0,50.0,50.0,2.0,2.0,50.0,1.0
135,K20240224,135.0,2.0,2.0,0.0,1.0,159.0,1.0,2.0,20.0,2.0,50.0,50.0,2.0,2.0,50.0,1.0
136,K20240224,136.0,2.0,2.0,1.0,1.0,195.0,1.0,2.0,0.0,2.0,20.0,20.0,2.0,2.0,20.0,1.0
137,K20240224,137.0,2.0,2.0,0.0,0.0,664.0,1.0,2.0,50.0,2.0,20.0,20.0,2.0,2.0,50.0,-1.0
138,K20240224,138.0,2.0,2.0,1.0,1.0,190.0,1.0,2.0,0.0,2.0,80.0,80.0,2.0,2.0,80.0,1.0
139,K20240224,139.0,2.0,2.0,0.0,1.0,144.0,-1.0,2.0,80.0,2.0,50.0,80.0,2.0,2.0,80.0,-1.0
140,K20240224,140.0,2.0,2.0,0.0,1.0,136.0,1.0,2.0,50.0,2.0,80.0,80.0,2.0,2.0,80.0,1.0
141,K20240224,141.0,2.0,2.0,0.0,1.0,132.0,1.0,2.0,20.0,2.0,80.0,80.0,2.0,2.0,80.0,1.0
142,K20240224,142.0,2.0,2.0,0.0,1.0,165.0,-1.0,2.0,80.0,2.0,20.0,80.0,2.0,2.0,80.0,-1.0
143,K20240224,143.0,2.0,2.0,-1.0,1.0,183.0,-1.0,2.0,20.0,2.0,0.0,20.0,2.0,2.0,20.0,-1.0
144,K20240224,144.0,2.0,2.0,1.0,1.0,158.0,1.0,2.0,0.0,2.0,80.0,80.0,2.0,2.0,80.0,1.0
145,K20240224,145.0,2.0,2.0,0.0,1.0,144.0,-1.0,2.0,80.0,2.0,50.0,80.0,2.0,2.0,80.0,-1.0
146,K20240224,146.0,2.0,2.0,-1.0,1.0,719.0,-1.0,2.0,50.0,2.0,0.0,50.0,2.0,2.0,50.0,-1.0
147,K20240224,147.0,2.0,2.0,1.0,1.0,170.0,1.0,2.0,0.0,2.0,20.0,20.0,2.0,2.0,20.0,1.0
148,K20240224,148.0,2.0,2.0,0.0,1.0,156.0,1.0,2.0,50.0,2.0,80.0,80.0,2.0,2.0,80.0,1.0
149,K20240224,149.0,2.0,2.0,1.0,1.0,154.0,1.0,2.0,0.0,2.0,50.0,50.0,2.0,2.0,50.0,1.0
150,K20240224,150.0,2.0,2.0,-1.0,1.0,161.0,-1.0,2.0,80.0,2.0,0.0,80.0,2.0,2.0,80.0,-1.0
151,K20240224,151.0,2.0,2.0,0.0,0.0,674.0,1.0,2.0,50.0,2.0,20.0,20.0,2.0,2.0,50.0,-1.0
152,K20240224,152.0,2.0,2.0,0.0,1.0,168.0,1.0,2.0,20.0,2.0,50.0,50.0,2.0,2.0,50.0,1.0
153,K20240224,153.0,2.0,2.0,1.0,1.0,224.0,1.0,2.0,0.0,2.0,20.0,20.0,2.0,2.0,20.0,1.0
154,K20240224,154.0,2.0,2.0,-1.0,1.0,270.0,-1.0,2.0,20.0,2.0,0.0,20.0,2.0,2.0,20.0,-1.0
155,K20240224,155.0,2.0,2.0,1.0,1.0,106.0,1.0,2.0,0.0,2.0,80.0,80.0,2.0,2.0,80.0,1.0
156,K20240224,156.0,2.0,2.0,0.0,0.0,861.0,1.0,2.0,80.0,2.0,20.0,20.0,2.0,2.0,80.0,-1.0
157,K20240224,157.0,2.0,2.0,0.0,0.0,913.0,1.0,2.0,50.0,2.0,20.0,20.0,2.0,2.0,50.0,-1.0
158,K20240224,158.0,2.0,2.0,0.0,1.0,171.0,1.0,2.0,20.0,2.0,50.0,50.0,2.0,2.0,50.0,1.0
159,K20240224,159.0,2.0,2.0,1.0,1.0,155.0,1.0,2.0,0.0,2.0,50.0,50.0,2.0,2.0,50.0,1.0
160,K20240224,160.0,2.0,2.0,0.0,1.0,172.0,-1.0,2.0,80.0,2.0,50.0,80.0,2.0,2.0,80.0,-1.0
161,K20240224,161.0,2.0,2.0,0.0,1.0,137.0,1.0,2.0,50.0,2.0,80.0,80.0,2.0,2.0,80.0,1.0
162,K20240224,162.0,2.0,2.0,-1.0,1.0,155.0,-1.0,2.0,80.0,2.0,0.0,80.0,2.0,2.0,80.0,-1.0
163,K20240224,163.0,2.0,2.0,0.0,1.0,154.0,1.0,2.0,20.0,2.0,80.0,80.0,2.0,2.0,80.0,1.0
164,K20240224,164.0,2.0,2.0,0.0,1.0,134.0,1.0,2.0,20.0,2.0,80.0,80.0,2.0,2.0,80.0,1.0
165,K20240224,165.0,2.0,2.0,-1.0,1.0,150.0,-1.0,2.0,80.0,2.0,0.0,80.0,2.0,2.0,80.0,-1.0
166,K20240224,166.0,2.0,2.0,-1.0,1.0,174.0,-1.0,2.0,20.0,2.0,0.0,20.0,2.0,2.0,20.0,-1.0
167,K20240224,167.0,2.0,2.0,-1.0,1.0,874.0,-1.0,2.0,50.0,2.0,0.0,50.0,2.0,2.0,50.0,-1.0
168,K20240224,168.0,2.0,2.0,1.0,1.0,158.0,1.0,2.0,0.0,2.0,50.0,50.0,2.0,2.0,50.0,1.0
169,K20240224,169.0,2.0,2.0,0.0,1.0,138.0,1.0,2.0,50.0,2.0,80.0,80.0,2.0,2.0,80.0,1.0
170,K20240224,170.0,2.0,2.0,1.0,1.0,178.0,1.0,2.0,0.0,2.0,20.0,20.0,2.0,2.0,20.0,1.0
171,K20240224,171.0,2.0,2.0,0.0,1.0,160.0,1.0,2.0,20.0,2.0,50.0,50.0,2.0,2.0,50.0,1.0
172,K20240224,172.0,2.0,2.0,0.0,1.0,145.0,-1.0,2.0,80.0,2.0,20.0,80.0,2.0,2.0,80.0,-1.0
173,K20240224,173.0,2.0,2.0,1.0,1.0,189.0,1.0,2.0,0.0,2.0,80.0,80.0,2.0,2.0,80.0,1.0
174,K20240224,174.0,2.0,2.0,0.0,0.0,823.0,1.0,2.0,50.0,2.0,20.0,20.0,2.0,2.0,50.0,-1.0
175,K20240224,175.0,2.0,2.0,0.0,0.0,835.0,1.0,2.0,80.0,2.0,50.0,50.0,2.0,2.0,80.0,-1.0
176,K20240224,176.0,2.0,2.0,1.0,1.0,217.0,1.0,2.0,0.0,2.0,20.0,20.0,2.0,2.0,20.0,1.0
177,K20240224,177.0,2.0,2.0,0.0,1.0,156.0,1.0,2.0,50.0,2.0,80.0,80.0,2.0,2.0,80.0,1.0
178,K20240224,178.0,2.0,2.0,0.0,1.0,154.0,1.0,2.0,20.0,2.0,80.0,80.0,2.0,2.0,80.0,1.0
179,K20240224,179.0,2.0,2.0,1.0,1.0,158.0,1.0,2.0,0.0,2.0,50.0,50.0,2.0,2.0,50.0,1.0
180,K20240224,180.0,2.0,2.0,0.0,1.0,140.0,1.0,2.0,20.0,2.0,50.0,50.0,2.0,2.0,50.0,1.0
181,K20240224,181.0,2.0,2.0,0.0,0.0,802.0,1.0,2.0,80.0,2.0,50.0,50.0,2.0,2.0,80.0,-1.0
182,K20240224,182.0,2.0,2.0,-1.0,1.0,175.0,-1.0,2.0,20.0,2.0,0.0,20.0,2.0,2.0,20.0,-1.0
183,K20240224,183.0,2.0,2.0,0.0,1.0,140.0,-1.0,2.0,80.0,2.0,20.0,80.0,2.0,2.0,80.0,-1.0
184,K20240224,184.0,2.0,2.0,1.0,1.0,156.0,1.0,2.0,0.0,2.0,80.0,80.0,2.0,2.0,80.0,1.0
185,K20240224,185.0,2.0,2.0,0.0,0.0,1396.0,1.0,2.0,50.0,2.0,20.0,20.0,2.0,2.0,50.0,-1.0
186,K20240224,186.0,2.0,2.0,0.0,0.0,654.0,1.0,2.0,50.0,2.0,20.0,20.0,2.0,2.0,50.0,-1.0
187,K20240224,187.0,2.0,2.0,0.0,1.0,155.0,1.0,2.0,20.0,2.0,80.0,80.0,2.0,2.0,80.0,1.0
188,K20240224,188.0,2.0,2.0,-1.0,1.0,173.0,-1.0,2.0,80.0,2.0,0.0,80.0,2.0,2.0,80.0,-1.0
189,K20240224,189.0,2.0,2.0,0.0,1.0,173.0,1.0,2.0,20.0,2.0,50.0,50.0,2.0,2.0,50.0,1.0
190,K20240224,190.0,2.0,2.0,1.0,1.0,131.0,1.0,2.0,0.0,2.0,80.0,80.0,2.0,2.0,80.0,1.0
191,K20240224,191.0,2.0,2.0,0.0,0.0,1019.0,1.0,2.0,80.0,2.0,50.0,50.0,2.0,2.0,80.0,-1.0
192,K20240224,192.0,2.0,2.0,-1.0,1.0,170.0,-1.0,2.0,20.0,2.0,0.0,20.0,2.0,2.0,20.0,-1.0
193,K20240224,193.0,2.0,2.0,1.0,1.0,158.0,1.0,2.0,0.0,2.0,20.0,20.0,2.0,2.0,20.0,1.0
194,K20240224,194.0,2.0,2.0,1.0,1.0,142.0,1.0,2.0,0.0,2.0,50.0,50.0,2.0,2.0,50.0,1.0
195,K20240224,195.0,2.0,2.0,0.0,1.0,157.0,1.0,2.0,50.0,2.0,80.0,80.0,2.0,2.0,80.0,1.0
196,K20240224,196.0,2.0,2.0,-1.0,1.0,820.0,-1.0,2.0,50.0,2.0,0.0,50.0,2.0,2.0,50.0,-1.0
197,K20240224,197.0,2.0,2.0,0.0,1.0,158.0,-1.0,2.0,80.0,2.0,20.0,80.0,2.0,2.0,80.0,-1.0
198,K20240224,198.0,3.0,2.0,0.0,1.0,154.0,1.0,2.0,20.0,2.0,80.0,80.0,2.0,2.0,80.0,1.0
199,K20240224,199.0,3.0,2.0,0.0,1.0,160.0,1.0,2.0,20.0,2.0,50.0,50.0,2.0,2.0,50.0,1.0
200,K20240224,200.0,3.0,1.0,1.0,1.0,141.0,1.0,1.0,0.0,1.0,50.0,50.0,1.0,1.0,50.0,1.0
201,K20240224,201.0,3.0,5.0,0.0,0.0,471.0,1.0,1.0,50.0,2.0,50.0,50.0,2.0,,50.0,1.0
202,K20240224,202.0,3.0,3.0,0.0,1.0,155.0,1.0,2.0,20.0,1.0,80.0,80.0,1.0,1.0,80.0,1.0
203,K20240224,203.0,3.0,2.0,0.0,1.0,158.0,1.0,2.0,50.0,2.0,80.0,80.0,2.0,2.0,80.0,1.0
204,K20240224,204.0,3.0,5.0,0.0,0.0,185.0,1.0,2.0,50.0,1.0,50.0,50.0,1.0,,50.0,1.0
205,K20240224,205.0,3.0,1.0,1.0,1.0,171.0,1.0,1.0,0.0,1.0,80.0,80.0,1.0,1.0,80.0,1.0
206,K20240224,206.0,3.0,2.0,0.0,0.0,1669.0,1.0,2.0,50.0,2.0,20.0,20.0,2.0,2.0,50.0,-1.0
207,K20240224,207.0,3.0,2.0,-1.0,1.0,153.0,-1.0,2.0,80.0,2.0,0.0,80.0,2.0,2.0,80.0,-1.0
208,K20240224,208.0,3.0,3.0,0.0,1.0,161.0,1.0,2.0,20.0,1.0,50.0,50.0,1.0,1.0,50.0,1.0
209,K20240224,209.0,3.0,5.0,0.0,0.0,187.0,1.0,1.0,80.0,2.0,80.0,80.0,2.0,,80.0,1.0
210,K20240224,210.0,3.0,4.0,0.0,0.0,1284.0,1.0,2.0,80.0,1.0,50.0,50.0,1.0,2.0,80.0,-1.0
211,K20240224,211.0,3.0,2.0,1.0,1.0,153.0,1.0,2.0,0.0,2.0,50.0,50.0,2.0,2.0,50.0,1.0
212,K20240224,212.0,3.0,2.0,0.0,1.0,138.0,-1.0,2.0,80.0,2.0,20.0,80.0,2.0,2.0,80.0,-1.0
213,K20240224,213.0,3.0,5.0,0.0,0.0,186.0,-1.0,2.0,80.0,1.0,80.0,80.0,2.0,,80.0,1.0
214,K20240224,214.0,3.0,3.0,0.0,0.0,803.0,1.0,1.0,80.0,2.0,20.0,20.0,2.0,1.0,80.0,-1.0
215,K20240224,215.0,3.0,3.0,0.0,0.0,358.0,1.0,1.0,50.0,2.0,20.0,20.0,2.0,1.0,50.0,-1.0
216,K20240224,216.0,3.0,3.0,0.0,0.0,234.0,1.0,1.0,80.0,2.0,50.0,50.0,2.0,1.0,80.0,-1.0
217,K20240224,217.0,3.0,1.0,0.0,0.0,173.0,1.0,1.0,50.0,1.0,20.0,20.0,1.0,1.0,50.0,-1.0
218,K20240224,218.0,3.0,4.0,0.0,1.0,160.0,1.0,1.0,20.0,2.0,50.0,50.0,2.0,2.0,50.0,1.0
219,K20240224,219.0,3.0,3.0,0.0,1.0,163.0,1.0,2.0,50.0,1.0,80.0,80.0,1.0,1.0,80.0,1.0
220,K20240224,220.0,3.0,2.0,0.0,0.0,801.0,1.0,2.0,80.0,2.0,50.0,50.0,2.0,2.0,80.0,-1.0
221,K20240224,221.0,3.0,1.0,0.0,1.0,175.0,1.0,1.0,20.0,1.0,50.0,50.0,1.0,1.0,50.0,1.0
222,K20240224,222.0,3.0,1.0,0.0,1.0,178.0,1.0,1.0,50.0,1.0,80.0,80.0,1.0,1.0,80.0,1.0
223,K20240224,223.0,3.0,4.0,0.0,1.0,161.0,-1.0,2.0,80.0,1.0,20.0,80.0,2.0,2.0,80.0,-1.0
224,K20240224,224.0,3.0,4.0,0.0,1.0,161.0,1.0,1.0,50.0,2.0,80.0,80.0,2.0,2.0,80.0,1.0
225,K20240224,225.0,3.0,4.0,0.0,1.0,142.0,1.0,1.0,20.0,2.0,80.0,80.0,2.0,2.0,80.0,1.0
226,K20240224,226.0,3.0,5.0,0.0,0.0,385.0,-1.0,2.0,20.0,1.0,20.0,20.0,2.0,,20.0,1.0
227,K20240224,227.0,3.0,1.0,0.0,0.0,185.0,1.0,1.0,80.0,1.0,50.0,50.0,1.0,1.0,80.0,-1.0
228,K20240224,228.0,3.0,4.0,0.0,0.0,1590.0,1.0,2.0,50.0,1.0,20.0,20.0,1.0,2.0,50.0,-1.0
229,K20240224,229.0,3.0,1.0,0.0,1.0,181.0,1.0,1.0,20.0,1.0,80.0,80.0,1.0,1.0,80.0,1.0
230,K20240224,230.0,3.0,2.0,-1.0,1.0,152.0,-1.0,2.0,20.0,2.0,0.0,20.0,2.0,2.0,20.0,-1.0
231,K20240224,231.0,3.0,1.0,-1.0,1.0,2077.0,-1.0,1.0,20.0,1.0,0.0,20.0,1.0,1.0,20.0,-1.0
232,K20240224,232.0,3.0,5.0,0.0,0.0,312.0,1.0,1.0,20.0,2.0,20.0,20.0,2.0,,20.0,1.0
233,K20240224,233.0,3.0,1.0,0.0,0.0,1485.0,1.0,1.0,80.0,1.0,20.0,20.0,1.0,1.0,80.0,-1.0
234,K20240224,234.0,3.0,1.0,1.0,1.0,169.0,1.0,1.0,0.0,1.0,20.0,20.0,1.0,1.0,20.0,1.0
235,K20240224,235.0,3.0,2.0,1.0,1.0,168.0,1.0,2.0,0.0,2.0,20.0,20.0,2.0,2.0,20.0,1.0
236,K20240224,236.0,3.0,2.0,1.0,1.0,137.0,1.0,2.0,0.0,2.0,80.0,80.0,2.0,2.0,80.0,1.0
237,K20240224,237.0,3.0,4.0,0.0,0.0,870.0,1.0,2.0,80.0,1.0,20.0,20.0,1.0,2.0,80.0,-1.0
238,K20240224,238.0,3.0,2.0,1.0,1.0,160.0,1.0,2.0,0.0,2.0,50.0,50.0,2.0,2.0,50.0,1.0
239,K20240224,239.0,3.0,4.0,0.0,1.0,184.0,-1.0,2.0,80.0,1.0,50.0,80.0,2.0,2.0,80.0,-1.0
240,K20240224,240.0,3.0,1.0,1.0,1.0,171.0,1.0,1.0,0.0,1.0,20.0,20.0,1.0,1.0,20.0,1.0
241,K20240224,241.0,3.0,5.0,0.0,0.0,307.0,1.0,2.0,80.0,1.0,80.0,80.0,1.0,,80.0,1.0
242,K20240224,242.0,3.0,2.0,0.0,1.0,150.0,1.0,2.0,20.0,2.0,50.0,50.0,2.0,2.0,50.0,1.0
243,K20240224,243.0,3.0,5.0,0.0,0.0,160.0,1.0,1.0,80.0,2.0,80.0,80.0,2.0,,80.0,1.0
244,K20240224,244.0,3.0,2.0,0.0,0.0,1303.0,1.0,2.0,50.0,2.0,20.0,20.0,2.0,2.0,50.0,-1.0
245,K20240224,245.0,3.0,4.0,0.0,1.0,223.0,-1.0,2.0,50.0,1.0,20.0,50.0,2.0,2.0,50.0,-1.0
246,K20240224,246.0,3.0,1.0,0.0,1.0,165.0,1.0,1.0,20.0,1.0,80.0,80.0,1.0,1.0,80.0,1.0
247,K20240224,247.0,3.0,1.0,0.0,0.0,1522.0,1.0,1.0,80.0,1.0,20.0,20.0,1.0,1.0,80.0,-1.0
248,K20240224,248.0,3.0,5.0,0.0,0.0,164.0,1.0,2.0,20.0,1.0,20.0,20.0,1.0,,20.0,1.0
249,K20240224,249.0,3.0,5.0,0.0,0.0,171.0,1.0,2.0,50.0,1.0,50.0,50.0,1.0,,50.0,1.0
250,K20240224,250.0,3.0,2.0,0.0,1.0,155.0,1.0,2.0,50.0,2.0,80.0,80.0,2.0,2.0,80.0,1.0
251,K20240224,251.0,3.0,1.0,0.0,1.0,176.0,1.0,1.0,50.0,1.0,80.0,80.0,1.0,1.0,80.0,1.0
252,K20240224,252.0,3.0,3.0,0.0,1.0,137.0,1.0,2.0,20.0,1.0,50.0,50.0,1.0,1.0,50.0,1.0
253,K20240224,253.0,3.0,2.0,0.0,1.0,154.0,1.0,2.0,20.0,2.0,80.0,80.0,2.0,2.0,80.0,1.0
254,K20240224,254.0,3.0,3.0,0.0,0.0,814.0,1.0,1.0,80.0,2.0,20.0,20.0,2.0,1.0,80.0,-1.0
255,K20240224,255.0,3.0,1.0,0.0,1.0,181.0,1.0,1.0,20.0,1.0,50.0,50.0,1.0,1.0,50.0,1.0
256,K20240224,256.0,3.0,2.0,0.0,1.0,171.0,-1.0,2.0,80.0,2.0,50.0,80.0,2.0,2.0,80.0,-1.0
257,K20240224,257.0,3.0,1.0,1.0,1.0,171.0,1.0,1.0,0.0,1.0,50.0,50.0,1.0,1.0,50.0,1.0
258,K20240224,258.0,3.0,3.0,0.0,0.0,659.0,1.0,1.0,80.0,2.0,50.0,50.0,2.0,1.0,80.0,-1.0
259,K20240224,259.0,3.0,2.0,1.0,1.0,167.0,1.0,2.0,0.0,2.0,80.0,80.0,2.0,2.0,80.0,1.0
260,K20240224,260.0,3.0,1.0,1.0,1.0,150.0,1.0,1.0,0.0,1.0,80.0,80.0,1.0,1.0,80.0,1.0
261,K20240224,261.0,3.0,3.0,0.0,1.0,154.0,1.0,2.0,20.0,1.0,80.0,80.0,1.0,1.0,80.0,1.0
262,K20240224,262.0,3.0,4.0,0.0,1.0,308.0,1.0,1.0,20.0,2.0,50.0,50.0,2.0,2.0,50.0,1.0
263,K20240224,263.0,3.0,1.0,0.0,0.0,603.0,1.0,1.0,80.0,1.0,50.0,50.0,1.0,1.0,80.0,-1.0
264,K20240224,264.0,3.0,3.0,0.0,0.0,652.0,1.0,1.0,50.0,2.0,20.0,20.0,2.0,1.0,50.0,-1.0
265,K20240224,265.0,3.0,5.0,0.0,0.0,251.0,1.0,1.0,50.0,2.0,50.0,50.0,2.0,,50.0,1.0
266,K20240224,266.0,3.0,2.0,1.0,1.0,171.0,1.0,2.0,0.0,2.0,20.0,20.0,2.0,2.0,20.0,1.0
267,K20240224,267.0,3.0,5.0,0.0,0.0,339.0,1.0,1.0,20.0,2.0,20.0,20.0,2.0,,20.0,1.0
268,K20240224,268.0,3.0,4.0,0.0,1.0,155.0,1.0,1.0,20.0,2.0,80.0,80.0,2.0,2.0,80.0,1.0
269,K20240224,269.0,3.0,1.0,0.0,0.0,943.0,1.0,1.0,50.0,1.0,20.0,20.0,1.0,1.0,50.0,-1.0
270,K20240224,270.0,3.0,3.0,0.0,1.0,147.0,1.0,2.0,50.0,1.0,80.0,80.0,1.0,1.0,80.0,1.0
271,K20240224,271.0,3.0,4.0,0.0,1.0,204.0,1.0,1.0,50.0,2.0,80.0,80.0,2.0,2.0,80.0,1.0
272,K20240224,272.0,3.0,2.0,-1.0,1.0,1385.0,-1.0,2.0,20.0,2.0,0.0,20.0,2.0,2.0,20.0,-1.0
273,K20240224,273.0,3.0,2.0,-1.0,1.0,162.0,-1.0,2.0,80.0,2.0,0.0,80.0,2.0,2.0,80.0,-1.0
274,K20240224,274.0,3.0,2.0,0.0,0.0,896.0,1.0,2.0,80.0,2.0,20.0,20.0,2.0,2.0,80.0,-1.0
275,K20240224,275.0,3.0,2.0,0.0,1.0,154.0,1.0,2.0,20.0,2.0,80.0,80.0,2.0,2.0,80.0,1.0
276,K20240224,276.0,3.0,3.0,0.0,0.0,861.0,1.0,1.0,80.0,2.0,20.0,20.0,2.0,1.0,80.0,-1.0
277,K20240224,277.0,3.0,2.0,1.0,1.0,172.0,1.0,2.0,0.0,2.0,50.0,50.0,2.0,2.0,50.0,1.0
278,K20240224,278.0,3.0,5.0,0.0,0.0,169.0,1.0,2.0,50.0,1.0,50.0,50.0,1.0,,50.0,1.0
279,K20240224,279.0,3.0,1.0,0.0,0.0,670.0,1.0,1.0,50.0,1.0,20.0,20.0,1.0,1.0,50.0,-1.0
280,K20240224,280.0,3.0,5.0,0.0,0.0,312.0,1.0,1.0,20.0,2.0,20.0,20.0,2.0,,20.0,1.0
281,K20240224,281.0,3.0,1.0,1.0,1.0,209.0,1.0,1.0,0.0,1.0,20.0,20.0,1.0,1.0,20.0,1.0
282,K20240224,282.0,3.0,2.0,0.0,1.0,171.0,1.0,2.0,20.0,2.0,50.0,50.0,2.0,2.0,50.0,1.0
283,K20240224,283.0,3.0,4.0,0.0,1.0,177.0,-1.0,2.0,80.0,1.0,20.0,80.0,2.0,2.0,80.0,-1.0
284,K20240224,284.0,3.0,3.0,0.0,1.0,161.0,1.0,2.0,50.0,1.0,80.0,80.0,1.0,1.0,80.0,1.0
285,K20240224,285.0,3.0,5.0,0.0,0.0,187.0,1.0,2.0,80.0,1.0,80.0,80.0,1.0,,80.0,1.0
286,K20240224,286.0,3.0,1.0,0.0,1.0,173.0,1.0,1.0,20.0,1.0,50.0,50.0,1.0,1.0,50.0,1.0
287,K20240224,287.0,3.0,4.0,0.0,1.0,163.0,1.0,1.0,20.0,2.0,50.0,50.0,2.0,2.0,50.0,1.0
288,K20240224,288.0,3.0,2.0,0.0,1.0,139.0,1.0,2.0,50.0,2.0,80.0,80.0,2.0,2.0,80.0,1.0
289,K20240224,289.0,3.0,5.0,0.0,0.0,383.0,-1.0,2.0,20.0,1.0,20.0,20.0,2.0,,20.0,1.0
290,K20240224,290.0,3.0,3.0,0.0,0.0,161.0,1.0,1.0,80.0,2.0,50.0,50.0,2.0,1.0,80.0,-1.0
291,K20240224,291.0,3.0,4.0,0.0,1.0,151.0,1.0,1.0,20.0,2.0,80.0,80.0,2.0,2.0,80.0,1.0
292,K20240224,292.0,3.0,2.0,0.0,1.0,157.0,-1.0,2.0,80.0,2.0,20.0,80.0,2.0,2.0,80.0,-1.0
293,K20240224,293.0,3.0,1.0,0.0,0.0,188.0,1.0,1.0,80.0,1.0,50.0,50.0,1.0,1.0,80.0,-1.0
294,K20240224,294.0,3.0,2.0,-1.0,1.0,920.0,-1.0,2.0,50.0,2.0,0.0,50.0,2.0,2.0,50.0,-1.0
295,K20240224,295.0,3.0,1.0,0.0,0.0,1347.0,1.0,1.0,80.0,1.0,20.0,20.0,1.0,1.0,80.0,-1.0
296,K20240224,296.0,3.0,4.0,0.0,1.0,158.0,-1.0,2.0,80.0,1.0,50.0,80.0,2.0,2.0,80.0,-1.0
297,K20240224,297.0,3.0,3.0,0.0,1.0,171.0,1.0,2.0,20.0,1.0,80.0,80.0,1.0,1.0,80.0,1.0
298,K20240224,298.0,3.0,2.0,1.0,1.0,159.0,1.0,2.0,0.0,2.0,20.0,20.0,2.0,2.0,20.0,1.0
299,K20240224,299.0,3.0,3.0,0.0,0.0,343.0,1.0,1.0,50.0,2.0,20.0,20.0,2.0,1.0,50.0,-1.0
300,K20240224,300.0,3.0,1.0,0.0,1.0,167.0,1.0,1.0,20.0,1.0,80.0,80.0,1.0,1.0,80.0,1.0
301,K20240224,301.0,3.0,2.0,1.0,1.0,146.0,1.0,2.0,0.0,2.0,80.0,80.0,2.0,2.0,80.0,1.0
302,K20240224,302.0,3.0,2.0,0.0,1.0,186.0,-1.0,2.0,80.0,2.0,50.0,80.0,2.0,2.0,80.0,-1.0
303,K20240224,303.0,3.0,2.0,-1.0,1.0,120.0,-1.0,2.0,20.0,2.0,0.0,20.0,2.0,2.0,20.0,-1.0
304,K20240224,304.0,3.0,4.0,0.0,1.0,140.0,1.0,1.0,50.0,2.0,80.0,80.0,2.0,2.0,80.0,1.0
305,K20240224,305.0,3.0,5.0,0.0,0.0,157.0,1.0,1.0,50.0,2.0,50.0,50.0,2.0,,50.0,1.0
306,K20240224,306.0,3.0,4.0,0.0,0.0,1634.0,1.0,2.0,50.0,1.0,20.0,20.0,1.0,2.0,50.0,-1.0
307,K20240224,307.0,3.0,1.0,1.0,1.0,162.0,1.0,1.0,0.0,1.0,80.0,80.0,1.0,1.0,80.0,1.0
308,K20240224,308.0,3.0,5.0,0.0,0.0,143.0,1.0,1.0,80.0,2.0,80.0,80.0,2.0,,80.0,1.0
309,K20240224,309.0,3.0,1.0,1.0,1.0,169.0,1.0,1.0,0.0,1.0,50.0,50.0,1.0,1.0,50.0,1.0
310,K20240224,310.0,3.0,3.0,0.0,1.0,154.0,1.0,2.0,20.0,1.0,50.0,50.0,1.0,1.0,50.0,1.0
311,K20240224,311.0,3.0,1.0,0.0,1.0,178.0,1.0,1.0,50.0,1.0,80.0,80.0,1.0,1.0,80.0,1.0
312,K20240224,312.0,3.0,2.0,0.0,1.0,181.0,-1.0,2.0,80.0,2.0,50.0,80.0,2.0,2.0,80.0,-1.0
313,K20240224,313.0,3.0,1.0,1.0,1.0,162.0,1.0,1.0,0.0,1.0,80.0,80.0,1.0,1.0,80.0,1.0
314,K20240224,314.0,3.0,2.0,1.0,1.0,217.0,1.0,2.0,0.0,2.0,20.0,20.0,2.0,2.0,20.0,1.0
315,K20240224,315.0,3.0,5.0,0.0,0.0,158.0,1.0,1.0,80.0,2.0,80.0,80.0,2.0,,80.0,1.0
316,K20240224,316.0,3.0,1.0,0.0,1.0,159.0,1.0,1.0,50.0,1.0,80.0,80.0,1.0,1.0,80.0,1.0
317,K20240224,317.0,3.0,5.0,0.0,0.0,328.0,-1.0,2.0,20.0,1.0,20.0,20.0,2.0,,20.0,1.0
318,K20240224,318.0,3.0,5.0,0.0,0.0,203.0,1.0,1.0,50.0,2.0,50.0,50.0,2.0,,50.0,1.0
319,K20240224,319.0,3.0,5.0,0.0,0.0,837.0,1.0,2.0,80.0,1.0,80.0,80.0,1.0,,80.0,1.0
320,K20240224,320.0,3.0,3.0,0.0,0.0,677.0,1.0,1.0,80.0,2.0,20.0,20.0,2.0,1.0,80.0,-1.0
321,K20240224,321.0,3.0,4.0,0.0,0.0,1182.0,1.0,2.0,50.0,1.0,20.0,20.0,1.0,2.0,50.0,-1.0
322,K20240224,322.0,3.0,2.0,-1.0,1.0,2734.0,-1.0,2.0,50.0,2.0,0.0,50.0,2.0,2.0,50.0,-1.0
323,K20240224,323.0,3.0,2.0,0.0,0.0,980.0,1.0,2.0,50.0,2.0,20.0,20.0,2.0,2.0,50.0,-1.0
324,K20240224,324.0,3.0,1.0,0.0,0.0,1201.0,1.0,1.0,50.0,1.0,20.0,20.0,1.0,1.0,50.0,-1.0
325,K20240224,325.0,3.0,2.0,-1.0,1.0,212.0,-1.0,2.0,20.0,2.0,0.0,20.0,2.0,2.0,20.0,-1.0
326,K20240224,326.0,3.0,1.0,1.0,1.0,149.0,1.0,1.0,0.0,1.0,50.0,50.0,1.0,1.0,50.0,1.0
327,K20240224,327.0,3.0,2.0,0.0,0.0,882.0,1.0,2.0,80.0,2.0,20.0,20.0,2.0,2.0,80.0,-1.0
328,K20240224,328.0,3.0,2.0,0.0,1.0,159.0,1.0,2.0,20.0,2.0,80.0,80.0,2.0,2.0,80.0,1.0
329,K20240224,329.0,3.0,4.0,0.0,1.0,171.0,1.0,1.0,20.0,2.0,80.0,80.0,2.0,2.0,80.0,1.0
330,K20240224,330.0,3.0,3.0,0.0,0.0,333.0,1.0,1.0,50.0,2.0,20.0,20.0,2.0,1.0,50.0,-1.0
331,K20240224,331.0,3.0,1.0,1.0,1.0,170.0,1.0,1.0,0.0,1.0,20.0,20.0,1.0,1.0,20.0,1.0
332,K20240224,332.0,3.0,3.0,0.0,1.0,167.0,1.0,2.0,20.0,1.0,50.0,50.0,1.0,1.0,50.0,1.0
333,K20240224,333.0,3.0,4.0,0.0,1.0,159.0,1.0,1.0,50.0,2.0,80.0,80.0,2.0,2.0,80.0,1.0
334,K20240224,334.0,3.0,2.0,0.0,1.0,161.0,1.0,2.0,50.0,2.0,80.0,80.0,2.0,2.0,80.0,1.0
335,K20240224,335.0,3.0,1.0,0.0,1.0,162.0,1.0,1.0,20.0,1.0,50.0,50.0,1.0,1.0,50.0,1.0
336,K20240224,336.0,3.0,1.0,0.0,0.0,884.0,1.0,1.0,80.0,1.0,20.0,20.0,1.0,1.0,80.0,-1.0
337,K20240224,337.0,3.0,3.0,0.0,1.0,165.0,1.0,2.0,20.0,1.0,80.0,80.0,1.0,1.0,80.0,1.0
338,K20240224,338.0,3.0,4.0,0.0,1.0,174.0,1.0,1.0,20.0,2.0,50.0,50.0,2.0,2.0,50.0,1.0
339,K20240224,339.0,3.0,4.0,0.0,1.0,162.0,-1.0,2.0,80.0,1.0,20.0,80.0,2.0,2.0,80.0,-1.0
340,K20240224,340.0,3.0,3.0,0.0,1.0,186.0,1.0,2.0,50.0,1.0,80.0,80.0,1.0,1.0,80.0,1.0
341,K20240224,341.0,3.0,4.0,0.0,0.0,781.0,1.0,2.0,80.0,1.0,50.0,50.0,1.0,2.0,80.0,-1.0
342,K20240224,342.0,3.0,2.0,1.0,1.0,154.0,1.0,2.0,0.0,2.0,80.0,80.0,2.0,2.0,80.0,1.0
343,K20240224,343.0,3.0,1.0,0.0,0.0,171.0,1.0,1.0,80.0,1.0,50.0,50.0,1.0,1.0,80.0,-1.0
344,K20240224,344.0,3.0,2.0,0.0,1.0,147.0,1.0,2.0,20.0,2.0,50.0,50.0,2.0,2.0,50.0,1.0
345,K20240224,345.0,3.0,5.0,0.0,0.0,332.0,1.0,1.0,20.0,2.0,20.0,20.0,2.0,,20.0,1.0
346,K20240224,346.0,3.0,1.0,0.0,1.0,163.0,1.0,1.0,20.0,1.0,80.0,80.0,1.0,1.0,80.0,1.0
347,K20240224,347.0,3.0,2.0,1.0,1.0,170.0,1.0,2.0,0.0,2.0,50.0,50.0,2.0,2.0,50.0,1.0
348,K20240224,348.0,3.0,5.0,0.0,0.0,1032.0,1.0,2.0,50.0,1.0,50.0,50.0,1.0,,50.0,1.0
349,K20240224,349.0,3.0,3.0,0.0,0.0,387.0,1.0,1.0,80.0,2.0,50.0,50.0,2.0,1.0,80.0,-1.0
350,K20240224,350.0,3.0,1.0,0.0,0.0,1906.0,1.0,1.0,80.0,1.0,20.0,20.0,1.0,1.0,80.0,-1.0
351,K20240224,351.0,3.0,2.0,0.0,1.0,155.0,1.0,2.0,20.0,2.0,50.0,50.0,2.0,2.0,50.0,1.0
352,K20240224,352.0,3.0,3.0,0.0,0.0,209.0,1.0,1.0,80.0,2.0,50.0,50.0,2.0,1.0,80.0,-1.0
353,K20240224,353.0,3.0,4.0,0.0,1.0,173.0,-1.0,2.0,80.0,1.0,20.0,80.0,2.0,2.0,80.0,-1.0
354,K20240224,354.0,3.0,5.0,0.0,0.0,767.0,1.0,2.0,80.0,1.0,80.0,80.0,1.0,,80.0,1.0
355,K20240224,355.0,3.0,5.0,0.0,0.0,1005.0,1.0,2.0,50.0,1.0,50.0,50.0,1.0,,50.0,1.0
356,K20240224,356.0,3.0,4.0,0.0,1.0,172.0,1.0,1.0,20.0,2.0,50.0,50.0,2.0,2.0,50.0,1.0
357,K20240224,357.0,3.0,2.0,0.0,1.0,875.0,-1.0,2.0,80.0,2.0,50.0,80.0,2.0,2.0,80.0,-1.0
358,K20240224,358.0,3.0,2.0,0.0,1.0,156.0,1.0,2.0,50.0,2.0,80.0,80.0,2.0,2.0,80.0,1.0
359,K20240224,359.0,3.0,5.0,0.0,0.0,884.0,1.0,1.0,20.0,2.0,20.0,20.0,2.0,,20.0,1.0
360,K20240224,360.0,3.0,1.0,0.0,1.0,162.0,1.0,1.0,20.0,1.0,50.0,50.0,1.0,1.0,50.0,1.0
361,K20240224,361.0,3.0,5.0,0.0,0.0,142.0,1.0,2.0,20.0,1.0,20.0,20.0,1.0,,20.0,1.0
362,K20240224,362.0,3.0,2.0,1.0,1.0,140.0,1.0,2.0,0.0,2.0,80.0,80.0,2.0,2.0,80.0,1.0
363,K20240224,363.0,3.0,3.0,0.0,0.0,1334.0,1.0,1.0,50.0,2.0,20.0,20.0,2.0,1.0,50.0,-1.0
364,K20240224,364.0,3.0,3.0,0.0,1.0,158.0,1.0,2.0,20.0,1.0,80.0,80.0,1.0,1.0,80.0,1.0
365,K20240224,365.0,3.0,2.0,-1.0,1.0,210.0,-1.0,2.0,20.0,2.0,0.0,20.0,2.0,2.0,20.0,-1.0
366,K20240224,366.0,3.0,1.0,0.0,0.0,196.0,1.0,1.0,80.0,1.0,50.0,50.0,1.0,1.0,80.0,-1.0
367,K20240224,367.0,3.0,5.0,0.0,0.0,193.0,1.0,1.0,50.0,2.0,50.0,50.0,2.0,,50.0,1.0
368,K20240224,368.0,3.0,1.0,0.0,1.0,139.0,1.0,1.0,50.0,1.0,80.0,80.0,1.0,1.0,80.0,1.0
369,K20240224,369.0,3.0,2.0,1.0,1.0,161.0,1.0,2.0,0.0,2.0,50.0,50.0,2.0,2.0,50.0,1.0
370,K20240224,370.0,3.0,3.0,0.0,0.0,623.0,1.0,1.0,80.0,2.0,20.0,20.0,2.0,1.0,80.0,-1.0
371,K20240224,371.0,3.0,5.0,0.0,0.0,147.0,1.0,1.0,80.0,2.0,80.0,80.0,2.0,,80.0,1.0
372,K20240224,372.0,3.0,4.0,0.0,1.0,146.0,1.0,1.0,20.0,2.0,80.0,80.0,2.0,2.0,80.0,1.0
373,K20240224,373.0,3.0,2.0,0.0,1.0,137.0,1.0,2.0,20.0,2.0,80.0,80.0,2.0,2.0,80.0,1.0
374,K20240224,374.0,3.0,1.0,0.0,0.0,954.0,1.0,1.0,50.0,1.0,20.0,20.0,1.0,1.0,50.0,-1.0
375,K20240224,375.0,3.0,4.0,0.0,1.0,168.0,1.0,1.0,50.0,2.0,80.0,80.0,2.0,2.0,80.0,1.0
376,K20240224,376.0,3.0,1.0,0.0,1.0,171.0,1.0,1.0,20.0,1.0,80.0,80.0,1.0,1.0,80.0,1.0
377,K20240224,377.0,3.0,2.0,-1.0,1.0,1786.0,-1.0,2.0,80.0,2.0,0.0,80.0,2.0,2.0,80.0,-1.0
378,K20240224,378.0,3.0,2.0,0.0,0.0,815.0,1.0,2.0,80.0,2.0,20.0,20.0,2.0,2.0,80.0,-1.0
379,K20240224,379.0,3.0,3.0,0.0,0.0,687.0,-1.0,2.0,20.0,1.0,50.0,20.0,2.0,1.0,50.0,1.0
380,K20240224,380.0,3.0,4.0,0.0,0.0,1431.0,1.0,2.0,80.0,1.0,50.0,50.0,1.0,2.0,80.0,-1.0
381,K20240224,381.0,3.0,1.0,1.0,1.0,204.0,1.0,1.0,0.0,1.0,50.0,50.0,1.0,1.0,50.0,1.0
382,K20240224,382.0,3.0,4.0,0.0,0.0,1468.0,1.0,2.0,50.0,1.0,20.0,20.0,1.0,2.0,50.0,-1.0
383,K20240224,383.0,3.0,2.0,0.0,0.0,1561.0,1.0,2.0,50.0,2.0,20.0,20.0,2.0,2.0,50.0,-1.0
384,K20240224,384.0,3.0,2.0,1.0,1.0,224.0,1.0,2.0,0.0,2.0,20.0,20.0,2.0,2.0,20.0,1.0
385,K20240224,385.0,3.0,1.0,1.0,1.0,171.0,1.0,1.0,0.0,1.0,80.0,80.0,1.0,1.0,80.0,1.0
386,K20240224,386.0,3.0,3.0,0.0,1.0,173.0,1.0,2.0,50.0,1.0,80.0,80.0,1.0,1.0,80.0,1.0
387,K20240224,387.0,3.0,1.0,1.0,1.0,172.0,1.0,1.0,0.0,1.0,20.0,20.0,1.0,1.0,20.0,1.0
388,K20240224,388.0,3.0,2.0,0.0,0.0,757.0,1.0,2.0,50.0,2.0,20.0,20.0,2.0,2.0,50.0,-1.0
389,K20240224,389.0,3.0,5.0,0.0,0.0,838.0,1.0,2.0,80.0,1.0,80.0,80.0,1.0,,80.0,1.0
390,K20240224,390.0,3.0,3.0,0.0,0.0,2262.0,1.0,1.0,50.0,2.0,20.0,20.0,2.0,1.0,50.0,-1.0
391,K20240224,391.0,3.0,1.0,0.0,1.0,192.0,1.0,1.0,20.0,1.0,50.0,50.0,1.0,1.0,50.0,1.0
392,K20240224,392.0,3.0,3.0,0.0,1.0,160.0,1.0,2.0,20.0,1.0,80.0,80.0,1.0,1.0,80.0,1.0
393,K20240224,393.0,3.0,2.0,0.0,1.0,156.0,1.0,2.0,50.0,2.0,80.0,80.0,2.0,2.0,80.0,1.0
394,K20240224,394.0,3.0,1.0,0.0,0.0,1376.0,1.0,1.0,80.0,1.0,20.0,20.0,1.0,1.0,80.0,-1.0
395,K20240224,395.0,3.0,2.0,1.0,1.0,140.0,1.0,2.0,0.0,2.0,80.0,80.0,2.0,2.0,80.0,1.0
396,K20240224,396.0,3.0,1.0,0.0,1.0,168.0,1.0,1.0,20.0,1.0,80.0,80.0,1.0,1.0,80.0,1.0
397,K20240224,397.0,3.0,4.0,0.0,1.0,161.0,1.0,1.0,50.0,2.0,80.0,80.0,2.0,2.0,80.0,1.0
398,K20240224,398.0,3.0,2.0,0.0,1.0,155.0,1.0,2.0,20.0,2.0,80.0,80.0,2.0,2.0,80.0,1.0
399,K20240224,399.0,3.0,5.0,0.0,0.0,174.0,1.0,2.0,50.0,1.0,50.0,50.0,1.0,,50.0,1.0
400,K20240224,400.0,3.0,1.0,1.0,1.0,154.0,1.0,1.0,0.0,1.0,80.0,80.0,1.0,1.0,80.0,1.0
401,K20240224,401.0,3.0,4.0,0.0,1.0,142.0,1.0,1.0,20.0,2.0,80.0,80.0,2.0,2.0,80.0,1.0
402,K20240224,402.0,3.0,4.0,0.0,1.0,170.0,1.0,1.0,20.0,2.0,50.0,50.0,2.0,2.0,50.0,1.0
403,K20240224,403.0,3.0,1.0,1.0,1.0,167.0,1.0,1.0,0.0,1.0,20.0,20.0,1.0,1.0,20.0,1.0
404,K20240224,404.0,3.0,2.0,0.0,1.0,170.0,1.0,2.0,20.0,2.0,50.0,50.0,2.0,2.0,50.0,1.0
405,K20240224,405.0,3.0,1.0,0.0,0.0,1026.0,1.0,1.0,50.0,1.0,20.0,20.0,1.0,1.0,50.0,-1.0
406,K20240224,406.0,3.0,4.0,0.0,0.0,704.0,1.0,2.0,50.0,1.0,20.0,20.0,1.0,2.0,50.0,-1.0
407,K20240224,407.0,3.0,3.0,0.0,0.0,313.0,1.0,1.0,80.0,2.0,50.0,50.0,2.0,1.0,80.0,-1.0
408,K20240224,408.0,3.0,1.0,0.0,0.0,454.0,1.0,1.0,80.0,1.0,50.0,50.0,1.0,1.0,80.0,-1.0
409,K20240224,409.0,3.0,2.0,1.0,1.0,182.0,1.0,2.0,0.0,2.0,20.0,20.0,2.0,2.0,20.0,1.0
410,K20240224,410.0,3.0,2.0,-1.0,1.0,178.0,-1.0,2.0,20.0,2.0,0.0,20.0,2.0,2.0,20.0,-1.0
411,K20240224,411.0,3.0,5.0,0.0,0.0,189.0,1.0,1.0,50.0,2.0,50.0,50.0,2.0,,50.0,1.0
412,K20240224,412.0,3.0,2.0,1.0,1.0,161.0,1.0,2.0,0.0,2.0,50.0,50.0,2.0,2.0,50.0,1.0
413,K20240224,413.0,3.0,3.0,0.0,0.0,838.0,1.0,1.0,80.0,2.0,20.0,20.0,2.0,1.0,80.0,-1.0
414,K20240224,414.0,3.0,3.0,0.0,1.0,172.0,1.0,2.0,50.0,1.0,80.0,80.0,1.0,1.0,80.0,1.0
415,K20240224,415.0,3.0,1.0,0.0,1.0,176.0,1.0,1.0,50.0,1.0,80.0,80.0,1.0,1.0,80.0,1.0
416,K20240224,416.0,3.0,5.0,0.0,0.0,460.0,-1.0,2.0,20.0,1.0,20.0,20.0,2.0,,20.0,1.0
417,K20240224,417.0,3.0,4.0,0.0,0.0,1520.0,1.0,2.0,80.0,1.0,20.0,20.0,1.0,2.0,80.0,-1.0
418,K20240224,418.0,3.0,5.0,0.0,0.0,154.0,1.0,1.0,80.0,2.0,80.0,80.0,2.0,,80.0,1.0
419,K20240224,419.0,3.0,4.0,0.0,0.0,868.0,1.0,2.0,80.0,1.0,50.0,50.0,1.0,2.0,80.0,-1.0
420,K20240224,420.0,3.0,1.0,1.0,1.0,187.0,1.0,1.0,0.0,1.0,50.0,50.0,1.0,1.0,50.0,1.0
421,K20240224,421.0,3.0,5.0,0.0,0.0,402.0,1.0,1.0,20.0,2.0,20.0,20.0,2.0,,20.0,1.0
422,K20240224,422.0,3.0,3.0,0.0,1.0,152.0,1.0,2.0,20.0,1.0,50.0,50.0,1.0,1.0,50.0,1.0
423,K20240224,423.0,3.0,2.0,0.0,0.0,1589.0,1.0,2.0,80.0,2.0,50.0,50.0,2.0,2.0,80.0,-1.0
424,K20240224,424.0,3.0,1.0,-1.0,1.0,2468.0,-1.0,1.0,20.0,1.0,0.0,20.0,1.0,1.0,20.0,-1.0
425,K20240224,425.0,3.0,1.0,0.0,0.0,951.0,1.0,1.0,80.0,1.0,20.0,20.0,1.0,1.0,80.0,-1.0
426,K20240224,426.0,3.0,1.0,1.0,1.0,175.0,1.0,1.0,0.0,1.0,80.0,80.0,1.0,1.0,80.0,1.0
427,K20240224,427.0,3.0,1.0,0.0,1.0,150.0,1.0,1.0,20.0,1.0,50.0,50.0,1.0,1.0,50.0,1.0
428,K20240224,428.0,3.0,4.0,0.0,1.0,155.0,1.0,1.0,50.0,2.0,80.0,80.0,2.0,2.0,80.0,1.0
429,K20240224,429.0,3.0,5.0,0.0,0.0,148.0,1.0,1.0,50.0,2.0,50.0,50.0,2.0,,50.0,1.0
430,K20240224,430.0,3.0,5.0,0.0,0.0,929.0,1.0,2.0,80.0,1.0,80.0,80.0,1.0,,80.0,1.0
431,K20240224,431.0,3.0,1.0,0.0,1.0,177.0,1.0,1.0,20.0,1.0,80.0,80.0,1.0,1.0,80.0,1.0
432,K20240224,432.0,3.0,1.0,-1.0,1.0,180.0,-1.0,1.0,50.0,1.0,0.0,50.0,1.0,1.0,50.0,-1.0
433,K20240224,433.0,3.0,3.0,0.0,1.0,188.0,-1.0,1.0,80.0,2.0,20.0,80.0,1.0,1.0,80.0,-1.0
434,K20240224,434.0,3.0,2.0,-1.0,1.0,175.0,-1.0,2.0,50.0,2.0,0.0,50.0,2.0,2.0,50.0,-1.0
435,K20240224,435.0,3.0,4.0,0.0,1.0,160.0,-1.0,2.0,80.0,1.0,20.0,80.0,2.0,2.0,80.0,-1.0
436,K20240224,436.0,3.0,4.0,0.0,1.0,139.0,1.0,1.0,20.0,2.0,80.0,80.0,2.0,2.0,80.0,1.0
437,K20240224,437.0,3.0,2.0,0.0,1.0,163.0,-1.0,2.0,80.0,2.0,50.0,80.0,2.0,2.0,80.0,-1.0
438,K20240224,438.0,3.0,2.0,0.0,1.0,209.0,1.0,2.0,20.0,2.0,50.0,50.0,2.0,2.0,50.0,1.0
439,K20240224,439.0,3.0,2.0,1.0,1.0,155.0,1.0,2.0,0.0,2.0,80.0,80.0,2.0,2.0,80.0,1.0
440,K20240224,440.0,3.0,1.0,1.0,1.0,174.0,1.0,1.0,0.0,1.0,20.0,20.0,1.0,1.0,20.0,1.0
441,K20240224,441.0,3.0,5.0,0.0,0.0,203.0,1.0,2.0,50.0,1.0,50.0,50.0,1.0,,50.0,1.0
442,K20240224,442.0,3.0,2.0,0.0,1.0,154.0,1.0,2.0,20.0,2.0,80.0,80.0,2.0,2.0,80.0,1.0
443,K20240224,443.0,3.0,1.0,1.0,1.0,189.0,1.0,1.0,0.0,1.0,50.0,50.0,1.0,1.0,50.0,1.0
444,K20240224,444.0,3.0,5.0,0.0,0.0,570.0,1.0,1.0,20.0,2.0,20.0,20.0,2.0,,20.0,1.0
445,K20240224,445.0,3.0,2.0,0.0,1.0,160.0,1.0,2.0,50.0,2.0,80.0,80.0,2.0,2.0,80.0,1.0
446,K20240224,446.0,3.0,2.0,0.0,1.0,205.0,-1.0,2.0,50.0,2.0,20.0,50.0,2.0,2.0,50.0,-1.0
447,K20240224,447.0,3.0,5.0,0.0,0.0,154.0,1.0,2.0,20.0,1.0,20.0,20.0,1.0,,20.0,1.0
448,K20240224,448.0,3.0,3.0,0.0,1.0,159.0,1.0,2.0,20.0,1.0,80.0,80.0,1.0,1.0,80.0,1.0
449,K20240224,449.0,3.0,2.0,1.0,1.0,181.0,1.0,2.0,0.0,2.0,50.0,50.0,2.0,2.0,50.0,1.0
450,K20240224,450.0,3.0,2.0,1.0,1.0,241.0,1.0,2.0,0.0,2.0,20.0,20.0,2.0,2.0,20.0,1.0
451,K20240224,451.0,3.0,3.0,0.0,1.0,161.0,1.0,2.0,20.0,1.0,50.0,50.0,1.0,1.0,50.0,1.0
452,K20240224,452.0,3.0,3.0,0.0,0.0,354.0,1.0,1.0,50.0,2.0,20.0,20.0,2.0,1.0,50.0,-1.0
453,K20240224,453.0,3.0,4.0,0.0,1.0,186.0,-1.0,2.0,80.0,1.0,50.0,80.0,2.0,2.0,80.0,-1.0
454,K20240224,454.0,3.0,1.0,0.0,0.0,286.0,1.0,1.0,80.0,1.0,50.0,50.0,1.0,1.0,80.0,-1.0
455,K20240224,455.0,3.0,5.0,0.0,0.0,156.0,1.0,1.0,80.0,2.0,80.0,80.0,2.0,,80.0,1.0
456,K20240224,456.0,3.0,4.0,0.0,1.0,155.0,1.0,1.0,20.0,2.0,50.0,50.0,2.0,2.0,50.0,1.0
457,K20240224,457.0,3.0,4.0,0.0,1.0,326.0,-1.0,2.0,50.0,1.0,20.0,50.0,2.0,2.0,50.0,-1.0
458,K20240224,458.0,3.0,1.0,0.0,1.0,206.0,-1.0,1.0,50.0,1.0,20.0,50.0,1.0,1.0,50.0,-1.0
459,K20240224,459.0,3.0,1.0,0.0,1.0,189.0,1.0,1.0,50.0,1.0,80.0,80.0,1.0,1.0,80.0,1.0
460,K20240224,460.0,3.0,1.0,-1.0,1.0,190.0,-1.0,1.0,80.0,1.0,0.0,80.0,1.0,1.0,80.0,-1.0
461,K20240224,461.0,3.0,3.0,0.0,1.0,192.0,-1.0,1.0,80.0,2.0,50.0,80.0,1.0,1.0,80.0,-1.0
462,K20240224,462.0,3.0,3.0,0.0,1.0,187.0,1.0,2.0,50.0,1.0,80.0,80.0,1.0,1.0,80.0,1.0
463,K20240224,463.0,3.0,2.0,0.0,1.0,163.0,-1.0,2.0,80.0,2.0,20.0,80.0,2.0,2.0,80.0,-1.0
464,K20240224,464.0,3.0,2.0,-1.0,1.0,159.0,-1.0,2.0,20.0,2.0,0.0,20.0,2.0,2.0,20.0,-1.0
465,K20240224,465.0,3.0,2.0,1.0,1.0,170.0,1.0,2.0,0.0,2.0,50.0,50.0,2.0,2.0,50.0,1.0
466,K20240224,466.0,3.0,4.0,0.0,1.0,170.0,1.0,1.0,20.0,2.0,80.0,80.0,2.0,2.0,80.0,1.0
467,K20240224,467.0,3.0,4.0,0.0,1.0,188.0,-1.0,2.0,80.0,1.0,50.0,80.0,2.0,2.0,80.0,-1.0
468,K20240224,468.0,3.0,4.0,0.0,1.0,212.0,-1.0,2.0,50.0,1.0,20.0,50.0,2.0,2.0,50.0,-1.0
469,K20240224,469.0,3.0,1.0,-1.0,1.0,192.0,-1.0,1.0,20.0,1.0,0.0,20.0,1.0,1.0,20.0,-1.0
470,K20240224,470.0,3.0,2.0,-1.0,1.0,194.0,-1.0,2.0,50.0,2.0,0.0,50.0,2.0,2.0,50.0,-1.0
471,K20240224,471.0,3.0,2.0,1.0,1.0,258.0,1.0,2.0,0.0,2.0,20.0,20.0,2.0,2.0,20.0,1.0
472,K20240224,472.0,3.0,2.0,0.0,1.0,160.0,-1.0,2.0,80.0,2.0,50.0,80.0,2.0,2.0,80.0,-1.0
473,K20240224,473.0,3.0,1.0,0.0,1.0,169.0,1.0,1.0,20.0,1.0,50.0,50.0,1.0,1.0,50.0,1.0
474,K20240224,474.0,3.0,3.0,0.0,1.0,173.0,-1.0,1.0,50.0,2.0,20.0,50.0,1.0,1.0,50.0,-1.0
475,K20240224,475.0,3.0,1.0,1.0,1.0,162.0,1.0,1.0,0.0,1.0,50.0,50.0,1.0,1.0,50.0,1.0
476,K20240224,476.0,3.0,1.0,0.0,1.0,169.0,1.0,1.0,20.0,1.0,80.0,80.0,1.0,1.0,80.0,1.0
477,K20240224,477.0,3.0,1.0,0.0,1.0,163.0,1.0,1.0,50.0,1.0,80.0,80.0,1.0,1.0,80.0,1.0
478,K20240224,478.0,3.0,3.0,0.0,1.0,200.0,-1.0,1.0,80.0,2.0,50.0,80.0,1.0,1.0,80.0,-1.0
479,K20240224,479.0,3.0,3.0,0.0,1.0,156.0,1.0,2.0,20.0,1.0,80.0,80.0,1.0,1.0,80.0,1.0
480,K20240224,480.0,3.0,3.0,0.0,1.0,188.0,-1.0,1.0,80.0,2.0,20.0,80.0,1.0,1.0,80.0,-1.0
481,K20240224,481.0,3.0,5.0,0.0,0.0,179.0,1.0,1.0,80.0,2.0,80.0,80.0,2.0,,80.0,1.0
482,K20240224,482.0,3.0,1.0,-1.0,1.0,207.0,-1.0,1.0,50.0,1.0,0.0,50.0,1.0,1.0,50.0,-1.0
483,K20240224,483.0,3.0,3.0,0.0,1.0,160.0,1.0,2.0,20.0,1.0,50.0,50.0,1.0,1.0,50.0,1.0
484,K20240224,484.0,3.0,4.0,0.0,1.0,172.0,-1.0,2.0,80.0,1.0,20.0,80.0,2.0,2.0,80.0,-1.0
485,K20240224,485.0,3.0,2.0,0.0,1.0,195.0,-1.0,2.0,50.0,2.0,20.0,50.0,2.0,2.0,50.0,-1.0
486,K20240224,486.0,3.0,5.0,0.0,0.0,255.0,1.0,2.0,80.0,1.0,80.0,80.0,1.0,,80.0,1.0
487,K20240224,487.0,3.0,2.0,0.0,1.0,162.0,1.0,2.0,50.0,2.0,80.0,80.0,2.0,2.0,80.0,1.0
488,K20240224,488.0,3.0,3.0,0.0,1.0,192.0,1.0,2.0,50.0,1.0,80.0,80.0,1.0,1.0,80.0,1.0
489,K20240224,489.0,3.0,1.0,0.0,0.0,167.0,1.0,1.0,80.0,1.0,50.0,50.0,1.0,1.0,80.0,-1.0
490,K20240224,490.0,3.0,1.0,1.0,1.0,174.0,1.0,1.0,0.0,1.0,80.0,80.0,1.0,1.0,80.0,1.0
491,K20240224,491.0,3.0,5.0,0.0,0.0,295.0,1.0,1.0,50.0,2.0,50.0,50.0,2.0,,50.0,1.0
492,K20240224,492.0,3.0,5.0,0.0,0.0,348.0,1.0,1.0,20.0,2.0,20.0,20.0,2.0,,20.0,1.0
493,K20240224,493.0,3.0,1.0,0.0,1.0,183.0,-1.0,1.0,80.0,1.0,20.0,80.0,1.0,1.0,80.0,-1.0
494,K20240224,494.0,3.0,4.0,0.0,1.0,176.0,1.0,1.0,20.0,2.0,50.0,50.0,2.0,2.0,50.0,1.0
495,K20240224,495.0,3.0,2.0,0.0,1.0,167.0,1.0,2.0,20.0,2.0,50.0,50.0,2.0,2.0,50.0,1.0
496,K20240224,496.0,3.0,1.0,0.0,1.0,722.0,-1.0,1.0,50.0,1.0,20.0,50.0,1.0,1.0,50.0,-1.0
497,K20240224,497.0,3.0,2.0,1.0,1.0,141.0,1.0,2.0,0.0,2.0,80.0,80.0,2.0,2.0,80.0,1.0
498,K20240224,498.0,3.0,2.0,-1.0,1.0,355.0,-1.0,2.0,20.0,2.0,0.0,20.0,2.0,2.0,20.0,-1.0
499,K20240224,499.0,3.0,5.0,0.0,0.0,146.0,1.0,2.0,50.0,1.0,50.0,50.0,1.0,,50.0,1.0
500,K20240224,500.0,3.0,2.0,0.0,1.0,159.0,-1.0,2.0,80.0,2.0,20.0,80.0,2.0,2.0,80.0,-1.0
501,K20240224,501.0,3.0,2.0,0.0,1.0,156.0,1.0,2.0,20.0,2.0,80.0,80.0,2.0,2.0,80.0,1.0
502,K20240224,502.0,3.0,5.0,0.0,0.0,173.0,1.0,2.0,20.0,1.0,20.0,20.0,1.0,,20.0,1.0
503,K20240224,503.0,3.0,1.0,-1.0,1.0,176.0,-1.0,1.0,80.0,1.0,0.0,80.0,1.0,1.0,80.0,-1.0
504,K20240224,504.0,3.0,1.0,1.0,1.0,208.0,1.0,1.0,0.0,1.0,20.0,20.0,1.0,1.0,20.0,1.0
505,K20240224,505.0,3.0,4.0,0.0,1.0,162.0,1.0,1.0,50.0,2.0,80.0,80.0,2.0,2.0,80.0,1.0
506,K20240224,506.0,3.0,2.0,-1.0,1.0,141.0,-1.0,2.0,80.0,2.0,0.0,80.0,2.0,2.0,80.0,-1.0
507,K20240224,507.0,3.0,4.0,0.0,1.0,195.0,-1.0,2.0,50.0,1.0,20.0,50.0,2.0,2.0,50.0,-1.0
508,K20240224,508.0,3.0,2.0,0.0,1.0,156.0,-1.0,2.0,80.0,2.0,20.0,80.0,2.0,2.0,80.0,-1.0
509,K20240224,509.0,3.0,2.0,1.0,1.0,161.0,1.0,2.0,0.0,2.0,80.0,80.0,2.0,2.0,80.0,1.0
510,K20240224,510.0,3.0,3.0,0.0,1.0,182.0,-1.0,1.0,50.0,2.0,20.0,50.0,1.0,1.0,50.0,-1.0
511,K20240224,511.0,3.0,4.0,0.0,1.0,156.0,1.0,1.0,20.0,2.0,80.0,80.0,2.0,2.0,80.0,1.0
512,K20240224,512.0,3.0,2.0,1.0,1.0,200.0,1.0,2.0,0.0,2.0,20.0,20.0,2.0,2.0,20.0,1.0
513,K20240224,513.0,3.0,1.0,-1.0,1.0,186.0,-1.0,1.0,20.0,1.0,0.0,20.0,1.0,1.0,20.0,-1.0
514,K20240224,514.0,3.0,1.0,0.0,1.0,181.0,-1.0,1.0,80.0,1.0,20.0,80.0,1.0,1.0,80.0,-1.0
515,K20240224,515.0,3.0,3.0,0.0,1.0,154.0,1.0,2.0,20.0,1.0,80.0,80.0,1.0,1.0,80.0,1.0
516,K20240224,516.0,3.0,2.0,0.0,1.0,189.0,-1.0,2.0,80.0,2.0,50.0,80.0,2.0,2.0,80.0,-1.0
517,K20240224,517.0,3.0,1.0,0.0,1.0,170.0,1.0,1.0,20.0,1.0,80.0,80.0,1.0,1.0,80.0,1.0
518,K20240224,518.0,3.0,4.0,0.0,1.0,189.0,1.0,1.0,20.0,2.0,50.0,50.0,2.0,2.0,50.0,1.0
519,K20240224,519.0,3.0,3.0,0.0,1.0,186.0,-1.0,1.0,80.0,2.0,20.0,80.0,1.0,1.0,80.0,-1.0
520,K20240224,520.0,3.0,3.0,0.0,1.0,187.0,1.0,2.0,50.0,1.0,80.0,80.0,1.0,1.0,80.0,1.0
521,K20240224,521.0,3.0,2.0,0.0,1.0,138.0,1.0,2.0,20.0,2.0,80.0,80.0,2.0,2.0,80.0,1.0
522,K20240224,522.0,3.0,1.0,0.0,1.0,191.0,-1.0,1.0,80.0,1.0,50.0,80.0,1.0,1.0,80.0,-1.0
523,K20240224,523.0,3.0,4.0,0.0,1.0,189.0,1.0,1.0,50.0,2.0,80.0,80.0,2.0,2.0,80.0,1.0
524,K20240224,524.0,3.0,1.0,0.0,1.0,179.0,1.0,1.0,20.0,1.0,50.0,50.0,1.0,1.0,50.0,1.0
525,K20240224,525.0,3.0,1.0,1.0,1.0,187.0,1.0,1.0,0.0,1.0,50.0,50.0,1.0,1.0,50.0,1.0
526,K20240224,526.0,3.0,1.0,0.0,1.0,174.0,1.0,1.0,50.0,1.0,80.0,80.0,1.0,1.0,80.0,1.0
527,K20240224,527.0,3.0,2.0,-1.0,1.0,177.0,-1.0,2.0,50.0,2.0,0.0,50.0,2.0,2.0,50.0,-1.0
528,K20240224,528.0,3.0,5.0,0.0,0.0,184.0,-1.0,2.0,20.0,1.0,20.0,20.0,2.0,,20.0,1.0
529,K20240224,529.0,3.0,1.0,1.0,1.0,149.0,1.0,1.0,0.0,1.0,80.0,80.0,1.0,1.0,80.0,1.0
530,K20240224,530.0,3.0,4.0,0.0,1.0,186.0,-1.0,2.0,80.0,1.0,50.0,80.0,2.0,2.0,80.0,-1.0
531,K20240224,531.0,3.0,2.0,0.0,1.0,171.0,1.0,2.0,50.0,2.0,80.0,80.0,2.0,2.0,80.0,1.0
532,K20240224,532.0,3.0,5.0,0.0,0.0,342.0,1.0,1.0,20.0,2.0,20.0,20.0,2.0,,20.0,1.0
533,K20240224,533.0,3.0,1.0,1.0,1.0,169.0,1.0,1.0,0.0,1.0,20.0,20.0,1.0,1.0,20.0,1.0
534,K20240224,534.0,3.0,1.0,-1.0,1.0,144.0,-1.0,1.0,80.0,1.0,0.0,80.0,1.0,1.0,80.0,-1.0
535,K20240224,535.0,3.0,2.0,0.0,1.0,164.0,-1.0,2.0,50.0,2.0,20.0,50.0,2.0,2.0,50.0,-1.0
536,K20240224,536.0,3.0,3.0,0.0,1.0,140.0,1.0,2.0,20.0,1.0,50.0,50.0,1.0,1.0,50.0,1.0
537,K20240224,537.0,3.0,3.0,0.0,1.0,189.0,-1.0,1.0,80.0,2.0,50.0,80.0,1.0,1.0,80.0,-1.0
538,K20240224,538.0,3.0,1.0,-1.0,1.0,203.0,-1.0,1.0,50.0,1.0,0.0,50.0,1.0,1.0,50.0,-1.0
539,K20240224,539.0,3.0,5.0,0.0,0.0,203.0,1.0,2.0,50.0,1.0,50.0,50.0,1.0,,50.0,1.0
540,K20240224,540.0,3.0,5.0,0.0,0.0,166.0,1.0,1.0,80.0,2.0,80.0,80.0,2.0,,80.0,1.0
541,K20240224,541.0,3.0,5.0,0.0,0.0,190.0,1.0,2.0,80.0,1.0,80.0,80.0,1.0,,80.0,1.0
542,K20240224,542.0,3.0,4.0,0.0,1.0,183.0,-1.0,2.0,80.0,1.0,20.0,80.0,2.0,2.0,80.0,-1.0
543,K20240224,543.0,3.0,1.0,0.0,1.0,178.0,-1.0,1.0,50.0,1.0,20.0,50.0,1.0,1.0,50.0,-1.0
544,K20240224,544.0,3.0,2.0,-1.0,1.0,168.0,-1.0,2.0,80.0,2.0,0.0,80.0,2.0,2.0,80.0,-1.0
545,K20240224,545.0,3.0,2.0,-1.0,1.0,180.0,-1.0,2.0,20.0,2.0,0.0,20.0,2.0,2.0,20.0,-1.0
546,K20240224,546.0,3.0,2.0,0.0,1.0,162.0,1.0,2.0,20.0,2.0,50.0,50.0,2.0,2.0,50.0,1.0
547,K20240224,547.0,3.0,2.0,1.0,1.0,160.0,1.0,2.0,0.0,2.0,50.0,50.0,2.0,2.0,50.0,1.0
548,K20240224,548.0,3.0,5.0,0.0,0.0,198.0,1.0,1.0,50.0,2.0,50.0,50.0,2.0,,50.0,1.0
549,K20240224,549.0,3.0,1.0,1.0,1.0,171.0,1.0,1.0,0.0,1.0,50.0,50.0,1.0,1.0,50.0,1.0
550,K20240224,550.0,3.0,1.0,-1.0,1.0,183.0,-1.0,1.0,80.0,1.0,0.0,80.0,1.0,1.0,80.0,-1.0
551,K20240224,551.0,3.0,1.0,0.0,1.0,204.0,1.0,1.0,20.0,1.0,50.0,50.0,1.0,1.0,50.0,1.0
552,K20240224,552.0,3.0,5.0,0.0,0.0,308.0,1.0,2.0,80.0,1.0,80.0,80.0,1.0,,80.0,1.0
553,K20240224,553.0,3.0,1.0,1.0,1.0,175.0,1.0,1.0,0.0,1.0,80.0,80.0,1.0,1.0,80.0,1.0
554,K20240224,554.0,3.0,2.0,0.0,1.0,169.0,-1.0,2.0,80.0,2.0,50.0,80.0,2.0,2.0,80.0,-1.0
555,K20240224,555.0,3.0,3.0,0.0,1.0,183.0,1.0,2.0,20.0,1.0,80.0,80.0,1.0,1.0,80.0,1.0
556,K20240224,556.0,3.0,4.0,0.0,1.0,167.0,1.0,1.0,20.0,2.0,80.0,80.0,2.0,2.0,80.0,1.0
557,K20240224,557.0,3.0,4.0,0.0,1.0,337.0,-1.0,2.0,50.0,1.0,20.0,50.0,2.0,2.0,50.0,-1.0
558,K20240224,558.0,3.0,1.0,0.0,1.0,173.0,-1.0,1.0,50.0,1.0,20.0,50.0,1.0,1.0,50.0,-1.0
559,K20240224,559.0,3.0,5.0,0.0,0.0,186.0,1.0,1.0,80.0,2.0,80.0,80.0,2.0,,80.0,1.0
560,K20240224,560.0,3.0,4.0,0.0,1.0,180.0,-1.0,2.0,80.0,1.0,20.0,80.0,2.0,2.0,80.0,-1.0
561,K20240224,561.0,3.0,5.0,0.0,0.0,187.0,-1.0,1.0,20.0,2.0,20.0,20.0,1.0,,20.0,1.0
562,K20240224,562.0,3.0,4.0,0.0,1.0,203.0,-1.0,2.0,80.0,1.0,50.0,80.0,2.0,2.0,80.0,-1.0
563,K20240224,563.0,3.0,4.0,0.0,1.0,159.0,1.0,1.0,50.0,2.0,80.0,80.0,2.0,2.0,80.0,1.0
564,K20240224,564.0,3.0,2.0,0.0,1.0,141.0,1.0,2.0,20.0,2.0,50.0,50.0,2.0,2.0,50.0,1.0
565,K20240224,565.0,3.0,2.0,1.0,1.0,140.0,1.0,2.0,0.0,2.0,50.0,50.0,2.0,2.0,50.0,1.0
566,K20240224,566.0,3.0,2.0,1.0,1.0,161.0,1.0,2.0,0.0,2.0,80.0,80.0,2.0,2.0,80.0,1.0
567,K20240224,567.0,3.0,1.0,0.0,1.0,240.0,-1.0,1.0,80.0,1.0,50.0,80.0,1.0,1.0,80.0,-1.0
568,K20240224,568.0,3.0,4.0,0.0,1.0,173.0,1.0,1.0,20.0,2.0,50.0,50.0,2.0,2.0,50.0,1.0
569,K20240224,569.0,3.0,3.0,0.0,1.0,152.0,1.0,2.0,20.0,1.0,50.0,50.0,1.0,1.0,50.0,1.0
570,K20240224,570.0,3.0,2.0,0.0,1.0,174.0,1.0,2.0,50.0,2.0,80.0,80.0,2.0,2.0,80.0,1.0
571,K20240224,571.0,3.0,5.0,0.0,0.0,176.0,1.0,2.0,50.0,1.0,50.0,50.0,1.0,,50.0,1.0
572,K20240224,572.0,3.0,1.0,0.0,1.0,158.0,1.0,1.0,20.0,1.0,80.0,80.0,1.0,1.0,80.0,1.0
573,K20240224,573.0,3.0,2.0,-1.0,1.0,174.0,-1.0,2.0,80.0,2.0,0.0,80.0,2.0,2.0,80.0,-1.0
574,K20240224,574.0,3.0,2.0,-1.0,1.0,200.0,-1.0,2.0,50.0,2.0,0.0,50.0,2.0,2.0,50.0,-1.0
575,K20240224,575.0,3.0,3.0,0.0,1.0,201.0,-1.0,1.0,80.0,2.0,50.0,80.0,1.0,1.0,80.0,-1.0
576,K20240224,576.0,3.0,3.0,0.0,1.0,187.0,1.0,2.0,50.0,1.0,80.0,80.0,1.0,1.0,80.0,1.0
577,K20240224,577.0,3.0,5.0,0.0,0.0,211.0,1.0,1.0,50.0,2.0,50.0,50.0,2.0,,50.0,1.0
578,K20240224,578.0,3.0,2.0,1.0,1.0,165.0,1.0,2.0,0.0,2.0,20.0,20.0,2.0,2.0,20.0,1.0
579,K20240224,579.0,3.0,1.0,-1.0,1.0,165.0,-1.0,1.0,50.0,1.0,0.0,50.0,1.0,1.0,50.0,-1.0
580,K20240224,580.0,3.0,5.0,0.0,0.0,450.0,-1.0,2.0,20.0,1.0,20.0,20.0,2.0,,20.0,1.0
581,K20240224,581.0,3.0,3.0,0.0,1.0,163.0,-1.0,1.0,80.0,2.0,20.0,80.0,1.0,1.0,80.0,-1.0
582,K20240224,582.0,3.0,3.0,0.0,1.0,186.0,-1.0,1.0,50.0,2.0,20.0,50.0,1.0,1.0,50.0,-1.0
583,K20240224,583.0,3.0,1.0,-1.0,1.0,180.0,-1.0,1.0,20.0,1.0,0.0,20.0,1.0,1.0,20.0,-1.0
584,K20240224,584.0,3.0,2.0,0.0,1.0,154.0,-1.0,2.0,50.0,2.0,20.0,50.0,2.0,2.0,50.0,-1.0
585,K20240224,585.0,3.0,2.0,0.0,1.0,140.0,1.0,2.0,20.0,2.0,80.0,80.0,2.0,2.0,80.0,1.0
586,K20240224,586.0,3.0,2.0,-1.0,1.0,267.0,-1.0,2.0,20.0,2.0,0.0,20.0,2.0,2.0,20.0,-1.0
587,K20240224,587.0,3.0,1.0,0.0,1.0,144.0,1.0,1.0,50.0,1.0,80.0,80.0,1.0,1.0,80.0,1.0
588,K20240224,588.0,3.0,2.0,0.0,1.0,162.0,-1.0,2.0,80.0,2.0,20.0,80.0,2.0,2.0,80.0,-1.0
589,K20240224,589.0,3.0,1.0,1.0,1.0,175.0,1.0,1.0,0.0,1.0,20.0,20.0,1.0,1.0,20.0,1.0
590,K20240224,590.0,3.0,1.0,0.0,1.0,189.0,-1.0,1.0,80.0,1.0,20.0,80.0,1.0,1.0,80.0,-1.0
591,K20240224,591.0,3.0,2.0,0.0,1.0,157.0,-1.0,2.0,80.0,2.0,50.0,80.0,2.0,2.0,80.0,-1.0
592,K20240224,592.0,3.0,2.0,0.0,1.0,165.0,1.0,2.0,50.0,2.0,80.0,80.0,2.0,2.0,80.0,1.0
593,K20240224,593.0,3.0,1.0,0.0,1.0,159.0,1.0,1.0,50.0,1.0,80.0,80.0,1.0,1.0,80.0,1.0
594,K20240224,594.0,3.0,1.0,0.0,1.0,149.0,1.0,1.0,20.0,1.0,80.0,80.0,1.0,1.0,80.0,1.0
595,K20240224,595.0,3.0,1.0,-1.0,1.0,211.0,-1.0,1.0,20.0,1.0,0.0,20.0,1.0,1.0,20.0,-1.0
596,K20240224,596.0,3.0,5.0,0.0,0.0,173.0,1.0,1.0,80.0,2.0,80.0,80.0,2.0,,80.0,1.0
597,K20240224,597.0,3.0,1.0,1.0,1.0,167.0,1.0,1.0,0.0,1.0,50.0,50.0,1.0,1.0,50.0,1.0
598,K20240224,598.0,3.0,1.0,0.0,0.0,163.0,1.0,1.0,80.0,1.0,50.0,50.0,1.0,1.0,80.0,-1.0
599,K20240224,599.0,3.0,5.0,0.0,0.0,172.0,-1.0,1.0,20.0,2.0,20.0,20.0,1.0,,20.0,1.0
600,K20240224,600.0,3.0,5.0,0.0,0.0,171.0,1.0,2.0,20.0,1.0,20.0,20.0,1.0,,20.0,1.0
601,K20240224,601.0,3.0,4.0,0.0,1.0,158.0,-1.0,2.0,80.0,1.0,50.0,80.0,2.0,2.0,80.0,-1.0
602,K20240224,602.0,3.0,2.0,1.0,1.0,163.0,1.0,2.0,0.0,2.0,80.0,80.0,2.0,2.0,80.0,1.0
603,K20240224,603.0,3.0,4.0,0.0,1.0,185.0,-1.0,2.0,80.0,1.0,20.0,80.0,2.0,2.0,80.0,-1.0
604,K20240224,604.0,3.0,5.0,0.0,0.0,231.0,-1.0,2.0,50.0,1.0,50.0,50.0,2.0,,50.0,1.0
605,K20240224,605.0,3.0,4.0,0.0,1.0,213.0,-1.0,2.0,50.0,1.0,20.0,50.0,2.0,2.0,50.0,-1.0
606,K20240224,606.0,3.0,2.0,-1.0,1.0,144.0,-1.0,2.0,80.0,2.0,0.0,80.0,2.0,2.0,80.0,-1.0
607,K20240224,607.0,3.0,1.0,-1.0,1.0,164.0,-1.0,1.0,50.0,1.0,0.0,50.0,1.0,1.0,50.0,-1.0
608,K20240224,608.0,3.0,1.0,0.0,1.0,174.0,-1.0,1.0,80.0,1.0,20.0,80.0,1.0,1.0,80.0,-1.0
609,K20240224,609.0,3.0,3.0,0.0,1.0,179.0,-1.0,1.0,80.0,2.0,20.0,80.0,1.0,1.0,80.0,-1.0
610,K20240224,610.0,3.0,1.0,1.0,1.0,191.0,1.0,1.0,0.0,1.0,20.0,20.0,1.0,1.0,20.0,1.0
611,K20240224,611.0,3.0,5.0,0.0,0.0,331.0,1.0,1.0,50.0,2.0,50.0,50.0,2.0,,50.0,1.0
612,K20240224,612.0,3.0,4.0,0.0,1.0,146.0,1.0,1.0,50.0,2.0,80.0,80.0,2.0,2.0,80.0,1.0
613,K20240224,613.0,3.0,1.0,1.0,1.0,142.0,1.0,1.0,0.0,1.0,80.0,80.0,1.0,1.0,80.0,1.0
614,K20240224,614.0,3.0,2.0,0.0,1.0,151.0,1.0,2.0,20.0,2.0,80.0,80.0,2.0,2.0,80.0,1.0
615,K20240224,615.0,3.0,3.0,0.0,1.0,162.0,1.0,2.0,50.0,1.0,80.0,80.0,1.0,1.0,80.0,1.0
616,K20240224,616.0,3.0,3.0,0.0,1.0,161.0,1.0,2.0,20.0,1.0,50.0,50.0,1.0,1.0,50.0,1.0
617,K20240224,617.0,3.0,3.0,0.0,1.0,194.0,-1.0,1.0,50.0,2.0,20.0,50.0,1.0,1.0,50.0,-1.0
618,K20240224,618.0,3.0,1.0,-1.0,1.0,172.0,-1.0,1.0,80.0,1.0,0.0,80.0,1.0,1.0,80.0,-1.0
619,K20240224,619.0,3.0,2.0,1.0,1.0,178.0,1.0,2.0,0.0,2.0,50.0,50.0,2.0,2.0,50.0,1.0
620,K20240224,620.0,3.0,4.0,0.0,1.0,180.0,1.0,1.0,20.0,2.0,50.0,50.0,2.0,2.0,50.0,1.0
621,K20240224,621.0,3.0,2.0,0.0,1.0,158.0,-1.0,2.0,80.0,2.0,20.0,80.0,2.0,2.0,80.0,-1.0
622,K20240224,622.0,3.0,5.0,0.0,0.0,180.0,1.0,2.0,80.0,1.0,80.0,80.0,1.0,,80.0,1.0
623,K20240224,623.0,3.0,1.0,0.0,1.0,191.0,-1.0,1.0,50.0,1.0,20.0,50.0,1.0,1.0,50.0,-1.0
624,K20240224,624.0,3.0,2.0,0.0,1.0,189.0,1.0,2.0,20.0,2.0,50.0,50.0,2.0,2.0,50.0,1.0
625,K20240224,625.0,3.0,1.0,0.0,1.0,161.0,1.0,1.0,20.0,1.0,50.0,50.0,1.0,1.0,50.0,1.0
626,K20240224,626.0,3.0,2.0,-1.0,1.0,160.0,-1.0,2.0,50.0,2.0,0.0,50.0,2.0,2.0,50.0,-1.0
627,K20240224,627.0,3.0,4.0,0.0,1.0,161.0,1.0,1.0,20.0,2.0,80.0,80.0,2.0,2.0,80.0,1.0
628,K20240224,628.0,3.0,3.0,0.0,1.0,181.0,-1.0,1.0,80.0,2.0,50.0,80.0,1.0,1.0,80.0,-1.0
629,K20240224,629.0,3.0,3.0,0.0,1.0,139.0,1.0,2.0,20.0,1.0,80.0,80.0,1.0,1.0,80.0,1.0
630,K20240224,630.0,3.0,2.0,-1.0,1.0,269.0,-1.0,2.0,20.0,2.0,0.0,20.0,2.0,2.0,20.0,-1.0
631,K20240224,631.0,3.0,2.0,0.0,1.0,173.0,-1.0,2.0,50.0,2.0,20.0,50.0,2.0,2.0,50.0,-1.0
632,K20240224,632.0,3.0,2.0,1.0,1.0,221.0,1.0,2.0,0.0,2.0,20.0,20.0,2.0,2.0,20.0,1.0
633,K20240224,633.0,3.0,4.0,0.0,1.0,177.0,-1.0,2.0,80.0,1.0,50.0,80.0,2.0,2.0,80.0,-1.0
634,K20240224,634.0,3.0,2.0,0.0,1.0,150.0,1.0,2.0,20.0,2.0,80.0,80.0,2.0,2.0,80.0,1.0
635,K20240224,635.0,3.0,1.0,0.0,1.0,188.0,1.0,1.0,20.0,1.0,50.0,50.0,1.0,1.0,50.0,1.0
636,K20240224,636.0,3.0,4.0,0.0,1.0,155.0,1.0,1.0,20.0,2.0,80.0,80.0,2.0,2.0,80.0,1.0
637,K20240224,637.0,3.0,2.0,0.0,1.0,163.0,1.0,2.0,50.0,2.0,80.0,80.0,2.0,2.0,80.0,1.0
638,K20240224,638.0,3.0,2.0,-1.0,1.0,292.0,-1.0,2.0,20.0,2.0,0.0,20.0,2.0,2.0,20.0,-1.0
639,K20240224,639.0,3.0,3.0,0.0,1.0,198.0,-1.0,1.0,80.0,2.0,50.0,80.0,1.0,1.0,80.0,-1.0
640,K20240224,640.0,3.0,5.0,0.0,0.0,173.0,1.0,2.0,20.0,1.0,20.0,20.0,1.0,,20.0,1.0
641,K20240224,641.0,3.0,4.0,0.0,1.0,165.0,1.0,1.0,50.0,2.0,80.0,80.0,2.0,2.0,80.0,1.0
642,K20240224,642.0,3.0,2.0,0.0,1.0,153.0,-1.0,2.0,80.0,2.0,50.0,80.0,2.0,2.0,80.0,-1.0
643,K20240224,643.0,3.0,1.0,1.0,1.0,208.0,1.0,1.0,0.0,1.0,20.0,20.0,1.0,1.0,20.0,1.0
644,K20240224,644.0,3.0,1.0,0.0,1.0,189.0,-1.0,1.0,50.0,1.0,20.0,50.0,1.0,1.0,50.0,-1.0
645,K20240224,645.0,3.0,1.0,-1.0,1.0,187.0,-1.0,1.0,50.0,1.0,0.0,50.0,1.0,1.0,50.0,-1.0
646,K20240224,646.0,3.0,1.0,-1.0,1.0,184.0,-1.0,1.0,20.0,1.0,0.0,20.0,1.0,1.0,20.0,-1.0
647,K20240224,647.0,3.0,1.0,1.0,1.0,162.0,1.0,1.0,0.0,1.0,50.0,50.0,1.0,1.0,50.0,1.0
648,K20240224,648.0,3.0,5.0,0.0,0.0,179.0,1.0,2.0,50.0,1.0,50.0,50.0,1.0,,50.0,1.0
649,K20240224,649.0,3.0,2.0,1.0,1.0,173.0,1.0,2.0,0.0,2.0,80.0,80.0,2.0,2.0,80.0,1.0
650,K20240224,650.0,3.0,1.0,0.0,1.0,200.0,-1.0,1.0,80.0,1.0,20.0,80.0,1.0,1.0,80.0,-1.0
651,K20240224,651.0,3.0,5.0,0.0,0.0,198.0,-1.0,1.0,50.0,2.0,50.0,50.0,1.0,,50.0,1.0
652,K20240224,652.0,3.0,2.0,1.0,1.0,195.0,1.0,2.0,0.0,2.0,50.0,50.0,2.0,2.0,50.0,1.0
653,K20240224,653.0,3.0,3.0,0.0,1.0,171.0,-1.0,1.0,80.0,2.0,20.0,80.0,1.0,1.0,80.0,-1.0
654,K20240224,654.0,3.0,2.0,1.0,1.0,203.0,1.0,2.0,0.0,2.0,20.0,20.0,2.0,2.0,20.0,1.0
655,K20240224,655.0,3.0,5.0,0.0,0.0,171.0,1.0,1.0,80.0,2.0,80.0,80.0,2.0,,80.0,1.0
656,K20240224,656.0,3.0,1.0,1.0,1.0,170.0,1.0,1.0,0.0,1.0,80.0,80.0,1.0,1.0,80.0,1.0
657,K20240224,657.0,3.0,3.0,0.0,1.0,162.0,1.0,2.0,20.0,1.0,80.0,80.0,1.0,1.0,80.0,1.0
658,K20240224,658.0,3.0,5.0,0.0,0.0,177.0,-1.0,2.0,80.0,1.0,80.0,80.0,2.0,,80.0,1.0
659,K20240224,659.0,3.0,5.0,0.0,0.0,175.0,-1.0,1.0,20.0,2.0,20.0,20.0,1.0,,20.0,1.0
660,K20240224,660.0,3.0,1.0,0.0,1.0,193.0,1.0,1.0,50.0,1.0,80.0,80.0,1.0,1.0,80.0,1.0
661,K20240224,661.0,3.0,3.0,0.0,1.0,187.0,1.0,2.0,20.0,1.0,50.0,50.0,1.0,1.0,50.0,1.0
662,K20240224,662.0,3.0,1.0,0.0,1.0,183.0,1.0,1.0,20.0,1.0,80.0,80.0,1.0,1.0,80.0,1.0
663,K20240224,663.0,3.0,2.0,-1.0,1.0,174.0,-1.0,2.0,50.0,2.0,0.0,50.0,2.0,2.0,50.0,-1.0
664,K20240224,664.0,3.0,3.0,0.0,1.0,186.0,-1.0,1.0,50.0,2.0,20.0,50.0,1.0,1.0,50.0,-1.0
665,K20240224,665.0,3.0,3.0,0.0,1.0,185.0,1.0,2.0,50.0,1.0,80.0,80.0,1.0,1.0,80.0,1.0
666,K20240224,666.0,3.0,4.0,0.0,1.0,286.0,-1.0,2.0,50.0,1.0,20.0,50.0,2.0,2.0,50.0,-1.0
667,K20240224,667.0,3.0,2.0,0.0,1.0,159.0,-1.0,2.0,80.0,2.0,20.0,80.0,2.0,2.0,80.0,-1.0
668,K20240224,668.0,3.0,4.0,0.0,1.0,185.0,-1.0,2.0,80.0,1.0,20.0,80.0,2.0,2.0,80.0,-1.0
669,K20240224,669.0,3.0,1.0,0.0,0.0,198.0,1.0,1.0,80.0,1.0,50.0,50.0,1.0,1.0,80.0,-1.0
670,K20240224,670.0,3.0,1.0,-1.0,1.0,190.0,-1.0,1.0,80.0,1.0,0.0,80.0,1.0,1.0,80.0,-1.0
671,K20240224,671.0,3.0,4.0,0.0,1.0,161.0,1.0,1.0,20.0,2.0,50.0,50.0,2.0,2.0,50.0,1.0
672,K20240224,672.0,3.0,2.0,-1.0,1.0,157.0,-1.0,2.0,80.0,2.0,0.0,80.0,2.0,2.0,80.0,-1.0
673,K20240224,673.0,3.0,5.0,0.0,0.0,189.0,1.0,2.0,20.0,1.0,20.0,20.0,1.0,,20.0,1.0
674,K20240224,674.0,3.0,1.0,0.0,0.0,169.0,1.0,1.0,80.0,1.0,50.0,50.0,1.0,1.0,80.0,-1.0
675,K20240224,675.0,3.0,5.0,0.0,0.0,206.0,1.0,2.0,80.0,1.0,80.0,80.0,1.0,,80.0,1.0
676,K20240224,676.0,3.0,3.0,0.0,1.0,172.0,-1.0,1.0,50.0,2.0,20.0,50.0,1.0,1.0,50.0,-1.0
677,K20240224,677.0,3.0,2.0,-1.0,1.0,177.0,-1.0,2.0,80.0,2.0,0.0,80.0,2.0,2.0,80.0,-1.0
678,K20240224,678.0,3.0,3.0,0.0,1.0,181.0,1.0,2.0,20.0,1.0,50.0,50.0,1.0,1.0,50.0,1.0
679,K20240224,679.0,3.0,1.0,-1.0,1.0,193.0,-1.0,1.0,20.0,1.0,0.0,20.0,1.0,1.0,20.0,-1.0
680,K20240224,680.0,3.0,2.0,1.0,1.0,140.0,1.0,2.0,0.0,2.0,80.0,80.0,2.0,2.0,80.0,1.0
681,K20240224,681.0,3.0,4.0,0.0,1.0,161.0,-1.0,2.0,80.0,1.0,50.0,80.0,2.0,2.0,80.0,-1.0
682,K20240224,682.0,3.0,5.0,0.0,0.0,210.0,1.0,2.0,50.0,1.0,50.0,50.0,1.0,,50.0,1.0
683,K20240224,683.0,3.0,1.0,-1.0,1.0,190.0,-1.0,1.0,50.0,1.0,0.0,50.0,1.0,1.0,50.0,-1.0
684,K20240224,684.0,3.0,3.0,0.0,0.0,169.0,1.0,1.0,80.0,2.0,50.0,50.0,2.0,1.0,80.0,-1.0
685,K20240224,685.0,3.0,2.0,0.0,1.0,154.0,-1.0,2.0,80.0,2.0,20.0,80.0,2.0,2.0,80.0,-1.0
686,K20240224,686.0,3.0,1.0,0.0,1.0,176.0,1.0,1.0,20.0,1.0,50.0,50.0,1.0,1.0,50.0,1.0
687,K20240224,687.0,3.0,1.0,1.0,1.0,163.0,1.0,1.0,0.0,1.0,80.0,80.0,1.0,1.0,80.0,1.0
688,K20240224,688.0,3.0,5.0,0.0,0.0,381.0,1.0,1.0,20.0,2.0,20.0,20.0,2.0,,20.0,1.0
689,K20240224,689.0,3.0,1.0,0.0,1.0,180.0,1.0,1.0,20.0,1.0,80.0,80.0,1.0,1.0,80.0,1.0
690,K20240224,690.0,3.0,1.0,0.0,1.0,202.0,-1.0,1.0,80.0,1.0,20.0,80.0,1.0,1.0,80.0,-1.0
691,K20240224,691.0,3.0,4.0,0.0,1.0,196.0,1.0,1.0,20.0,2.0,50.0,50.0,2.0,2.0,50.0,1.0
692,K20240224,692.0,3.0,2.0,-1.0,1.0,169.0,-1.0,2.0,50.0,2.0,0.0,50.0,2.0,2.0,50.0,-1.0
693,K20240224,693.0,3.0,3.0,0.0,1.0,182.0,1.0,2.0,50.0,1.0,80.0,80.0,1.0,1.0,80.0,1.0
694,K20240224,694.0,3.0,1.0,1.0,1.0,159.0,1.0,1.0,0.0,1.0,20.0,20.0,1.0,1.0,20.0,1.0
695,K20240224,695.0,3.0,3.0,0.0,1.0,154.0,1.0,2.0,20.0,1.0,80.0,80.0,1.0,1.0,80.0,1.0
696,K20240224,696.0,3.0,4.0,0.0,1.0,202.0,-1.0,2.0,50.0,1.0,20.0,50.0,2.0,2.0,50.0,-1.0
697,K20240224,697.0,3.0,2.0,0.0,1.0,155.0,1.0,2.0,20.0,2.0,80.0,80.0,2.0,2.0,80.0,1.0
698,K20240224,698.0,3.0,2.0,1.0,1.0,142.0,1.0,2.0,0.0,2.0,50.0,50.0,2.0,2.0,50.0,1.0
699,K20240224,699.0,3.0,4.0,0.0,1.0,159.0,-1.0,2.0,80.0,1.0,20.0,80.0,2.0,2.0,80.0,-1.0
700,K20240224,700.0,3.0,1.0,1.0,1.0,169.0,1.0,1.0,0.0,1.0,50.0,50.0,1.0,1.0,50.0,1.0
701,K20240224,701.0,3.0,4.0,0.0,1.0,175.0,1.0,1.0,20.0,2.0,80.0,80.0,2.0,2.0,80.0,1.0
702,K20240224,702.0,3.0,1.0,0.0,1.0,189.0,-1.0,1.0,50.0,1.0,20.0,50.0,1.0,1.0,50.0,-1.0
703,K20240224,703.0,3.0,1.0,-1.0,1.0,180.0,-1.0,1.0,80.0,1.0,0.0,80.0,1.0,1.0,80.0,-1.0
704,K20240224,704.0,3.0,2.0,0.0,1.0,184.0,-1.0,2.0,80.0,2.0,50.0,80.0,2.0,2.0,80.0,-1.0
705,K20240224,705.0,3.0,2.0,0.0,1.0,188.0,1.0,2.0,20.0,2.0,50.0,50.0,2.0,2.0,50.0,1.0
706,K20240224,706.0,3.0,2.0,-1.0,1.0,221.0,-1.0,2.0,20.0,2.0,0.0,20.0,2.0,2.0,20.0,-1.0
707,K20240224,707.0,3.0,2.0,0.0,1.0,147.0,1.0,2.0,50.0,2.0,80.0,80.0,2.0,2.0,80.0,1.0
708,K20240224,708.0,3.0,2.0,1.0,1.0,187.0,1.0,2.0,0.0,2.0,20.0,20.0,2.0,2.0,20.0,1.0
709,K20240224,709.0,3.0,5.0,0.0,0.0,287.0,1.0,1.0,50.0,2.0,50.0,50.0,2.0,,50.0,1.0
710,K20240224,710.0,3.0,3.0,0.0,1.0,173.0,-1.0,1.0,80.0,2.0,20.0,80.0,1.0,1.0,80.0,-1.0
711,K20240224,711.0,3.0,4.0,0.0,1.0,176.0,1.0,1.0,50.0,2.0,80.0,80.0,2.0,2.0,80.0,1.0
712,K20240224,712.0,3.0,2.0,0.0,1.0,185.0,-1.0,2.0,50.0,2.0,20.0,50.0,2.0,2.0,50.0,-1.0
713,K20240224,713.0,3.0,1.0,0.0,1.0,178.0,1.0,1.0,50.0,1.0,80.0,80.0,1.0,1.0,80.0,1.0
714,K20240224,714.0,3.0,5.0,0.0,0.0,176.0,1.0,1.0,80.0,2.0,80.0,80.0,2.0,,80.0,1.0
715,K20240224,715.0,3.0,2.0,0.0,1.0,154.0,1.0,2.0,50.0,2.0,80.0,80.0,2.0,2.0,80.0,1.0
716,K20240224,716.0,3.0,1.0,-1.0,1.0,197.0,-1.0,1.0,50.0,1.0,0.0,50.0,1.0,1.0,50.0,-1.0
717,K20240224,717.0,3.0,2.0,0.0,1.0,193.0,-1.0,2.0,50.0,2.0,20.0,50.0,2.0,2.0,50.0,-1.0
718,K20240224,718.0,3.0,1.0,0.0,0.0,174.0,1.0,1.0,80.0,1.0,50.0,50.0,1.0,1.0,80.0,-1.0
719,K20240224,719.0,3.0,2.0,1.0,1.0,182.0,1.0,2.0,0.0,2.0,50.0,50.0,2.0,2.0,50.0,1.0
720,K20240224,720.0,3.0,1.0,0.0,1.0,204.0,-1.0,1.0,80.0,1.0,20.0,80.0,1.0,1.0,80.0,-1.0
721,K20240224,721.0,3.0,4.0,0.0,1.0,192.0,-1.0,2.0,50.0,1.0,20.0,50.0,2.0,2.0,50.0,-1.0
722,K20240224,722.0,3.0,2.0,-1.0,1.0,209.0,-1.0,2.0,50.0,2.0,0.0,50.0,2.0,2.0,50.0,-1.0
723,K20240224,723.0,3.0,2.0,1.0,1.0,212.0,1.0,2.0,0.0,2.0,20.0,20.0,2.0,2.0,20.0,1.0
724,K20240224,724.0,3.0,2.0,-1.0,1.0,141.0,-1.0,2.0,80.0,2.0,0.0,80.0,2.0,2.0,80.0,-1.0
725,K20240224,725.0,3.0,1.0,0.0,1.0,155.0,1.0,1.0,20.0,1.0,50.0,50.0,1.0,1.0,50.0,1.0
726,K20240224,726.0,3.0,1.0,1.0,1.0,190.0,1.0,1.0,0.0,1.0,20.0,20.0,1.0,1.0,20.0,1.0
727,K20240224,727.0,3.0,1.0,0.0,1.0,191.0,-1.0,1.0,50.0,1.0,20.0,50.0,1.0,1.0,50.0,-1.0
728,K20240224,728.0,3.0,4.0,0.0,1.0,164.0,1.0,1.0,20.0,2.0,80.0,80.0,2.0,2.0,80.0,1.0
729,K20240224,729.0,3.0,5.0,0.0,0.0,172.0,1.0,2.0,20.0,1.0,20.0,20.0,1.0,,20.0,1.0
730,K20240224,730.0,3.0,2.0,-1.0,1.0,214.0,-1.0,2.0,20.0,2.0,0.0,20.0,2.0,2.0,20.0,-1.0
731,K20240224,731.0,3.0,1.0,1.0,1.0,162.0,1.0,1.0,0.0,1.0,50.0,50.0,1.0,1.0,50.0,1.0
732,K20240224,732.0,3.0,5.0,0.0,0.0,174.0,-1.0,2.0,80.0,1.0,80.0,80.0,2.0,,80.0,1.0
733,K20240224,733.0,3.0,2.0,0.0,1.0,171.0,-1.0,2.0,80.0,2.0,20.0,80.0,2.0,2.0,80.0,-1.0
734,K20240224,734.0,3.0,5.0,0.0,0.0,499.0,1.0,2.0,50.0,1.0,50.0,50.0,1.0,,50.0,1.0
735,K20240224,735.0,3.0,1.0,0.0,1.0,175.0,1.0,1.0,20.0,1.0,80.0,80.0,1.0,1.0,80.0,1.0
736,K20240224,736.0,3.0,4.0,0.0,1.0,170.0,1.0,1.0,50.0,2.0,80.0,80.0,2.0,2.0,80.0,1.0
737,K20240224,737.0,3.0,5.0,0.0,0.0,236.0,1.0,1.0,20.0,2.0,20.0,20.0,2.0,,20.0,1.0
738,K20240224,738.0,3.0,3.0,0.0,1.0,171.0,1.0,2.0,50.0,1.0,80.0,80.0,1.0,1.0,80.0,1.0
739,K20240224,739.0,3.0,5.0,0.0,0.0,172.0,1.0,1.0,80.0,2.0,80.0,80.0,2.0,,80.0,1.0
740,K20240224,740.0,3.0,3.0,0.0,1.0,196.0,-1.0,1.0,50.0,2.0,20.0,50.0,1.0,1.0,50.0,-1.0
741,K20240224,741.0,3.0,3.0,0.0,1.0,182.0,-1.0,1.0,80.0,2.0,20.0,80.0,1.0,1.0,80.0,-1.0
742,K20240224,742.0,3.0,1.0,-1.0,1.0,197.0,-1.0,1.0,20.0,1.0,0.0,20.0,1.0,1.0,20.0,-1.0
743,K20240224,743.0,3.0,3.0,0.0,1.0,167.0,1.0,2.0,20.0,1.0,80.0,80.0,1.0,1.0,80.0,1.0
744,K20240224,744.0,3.0,2.0,1.0,1.0,167.0,1.0,2.0,0.0,2.0,80.0,80.0,2.0,2.0,80.0,1.0
745,K20240224,745.0,3.0,3.0,0.0,0.0,171.0,1.0,1.0,80.0,2.0,50.0,50.0,2.0,1.0,80.0,-1.0
746,K20240224,746.0,3.0,1.0,-1.0,1.0,189.0,-1.0,1.0,80.0,1.0,0.0,80.0,1.0,1.0,80.0,-1.0
747,K20240224,747.0,3.0,4.0,0.0,1.0,170.0,-1.0,2.0,80.0,1.0,20.0,80.0,2.0,2.0,80.0,-1.0
748,K20240224,748.0,3.0,1.0,1.0,1.0,181.0,1.0,1.0,0.0,1.0,80.0,80.0,1.0,1.0,80.0,1.0
749,K20240224,749.0,3.0,4.0,0.0,1.0,173.0,1.0,1.0,20.0,2.0,50.0,50.0,2.0,2.0,50.0,1.0
750,K20240224,750.0,3.0,2.0,0.0,1.0,144.0,1.0,2.0,20.0,2.0,80.0,80.0,2.0,2.0,80.0,1.0
751,K20240224,751.0,3.0,4.0,0.0,1.0,203.0,-1.0,2.0,80.0,1.0,50.0,80.0,2.0,2.0,80.0,-1.0
752,K20240224,752.0,3.0,5.0,0.0,0.0,327.0,1.0,1.0,50.0,2.0,50.0,50.0,2.0,,50.0,1.0
753,K20240224,753.0,3.0,1.0,0.0,1.0,159.0,1.0,1.0,50.0,1.0,80.0,80.0,1.0,1.0,80.0,1.0
754,K20240224,754.0,3.0,2.0,0.0,1.0,183.0,-1.0,2.0,80.0,2.0,50.0,80.0,2.0,2.0,80.0,-1.0
755,K20240224,755.0,3.0,2.0,0.0,1.0,178.0,1.0,2.0,20.0,2.0,50.0,50.0,2.0,2.0,50.0,1.0
756,K20240224,756.0,3.0,3.0,0.0,1.0,162.0,1.0,2.0,20.0,1.0,50.0,50.0,1.0,1.0,50.0,1.0
757,K20240224,757.0,3.0,1.0,-1.0,1.0,165.0,-1.0,1.0,50.0,1.0,0.0,50.0,1.0,1.0,50.0,-1.0
758,K20240224,758.0,3.0,1.0,1.0,1.0,181.0,1.0,1.0,0.0,1.0,50.0,50.0,1.0,1.0,50.0,1.0
759,K20240224,759.0,3.0,1.0,-1.0,1.0,186.0,-1.0,1.0,80.0,1.0,0.0,80.0,1.0,1.0,80.0,-1.0
760,K20240224,760.0,3.0,2.0,0.0,1.0,145.0,1.0,2.0,20.0,2.0,80.0,80.0,2.0,2.0,80.0,1.0
761,K20240224,761.0,3.0,2.0,1.0,1.0,243.0,1.0,2.0,0.0,2.0,20.0,20.0,2.0,2.0,20.0,1.0
762,K20240224,762.0,3.0,1.0,0.0,1.0,175.0,1.0,1.0,20.0,1.0,80.0,80.0,1.0,1.0,80.0,1.0
763,K20240224,763.0,3.0,1.0,0.0,1.0,286.0,-1.0,1.0,80.0,1.0,50.0,80.0,1.0,1.0,80.0,-1.0
764,K20240224,764.0,3.0,5.0,0.0,0.0,413.0,1.0,1.0,20.0,2.0,20.0,20.0,2.0,,20.0,1.0
765,K20240224,765.0,3.0,2.0,0.0,1.0,182.0,-1.0,2.0,80.0,2.0,50.0,80.0,2.0,2.0,80.0,-1.0
766,K20240224,766.0,3.0,1.0,0.0,1.0,171.0,1.0,1.0,20.0,1.0,50.0,50.0,1.0,1.0,50.0,1.0
767,K20240224,767.0,3.0,4.0,0.0,1.0,160.0,-1.0,2.0,80.0,1.0,20.0,80.0,2.0,2.0,80.0,-1.0
768,K20240224,768.0,3.0,3.0,0.0,1.0,185.0,-1.0,1.0,50.0,2.0,20.0,50.0,1.0,1.0,50.0,-1.0
769,K20240224,769.0,3.0,5.0,0.0,0.0,208.0,-1.0,2.0,80.0,1.0,80.0,80.0,2.0,,80.0,1.0
770,K20240224,770.0,3.0,5.0,0.0,0.0,158.0,1.0,1.0,80.0,2.0,80.0,80.0,2.0,,80.0,1.0
771,K20240224,771.0,3.0,1.0,1.0,1.0,163.0,1.0,1.0,0.0,1.0,80.0,80.0,1.0,1.0,80.0,1.0
772,K20240224,772.0,3.0,1.0,0.0,1.0,167.0,1.0,1.0,50.0,1.0,80.0,80.0,1.0,1.0,80.0,1.0
773,K20240224,773.0,3.0,2.0,0.0,1.0,163.0,1.0,2.0,20.0,2.0,50.0,50.0,2.0,2.0,50.0,1.0
774,K20240224,774.0,3.0,2.0,-1.0,1.0,184.0,-1.0,2.0,50.0,2.0,0.0,50.0,2.0,2.0,50.0,-1.0
775,K20240224,775.0,3.0,3.0,0.0,1.0,171.0,1.0,2.0,20.0,1.0,80.0,80.0,1.0,1.0,80.0,1.0
776,K20240224,776.0,3.0,1.0,0.0,1.0,200.0,-1.0,1.0,80.0,1.0,20.0,80.0,1.0,1.0,80.0,-1.0
777,K20240224,777.0,3.0,3.0,0.0,1.0,169.0,1.0,2.0,20.0,1.0,50.0,50.0,1.0,1.0,50.0,1.0
778,K20240224,778.0,3.0,2.0,0.0,1.0,178.0,1.0,2.0,50.0,2.0,80.0,80.0,2.0,2.0,80.0,1.0
779,K20240224,779.0,3.0,2.0,1.0,1.0,154.0,1.0,2.0,0.0,2.0,80.0,80.0,2.0,2.0,80.0,1.0
780,K20240224,780.0,3.0,3.0,0.0,1.0,185.0,-1.0,1.0,80.0,2.0,50.0,80.0,1.0,1.0,80.0,-1.0
781,K20240224,781.0,3.0,5.0,0.0,0.0,170.0,1.0,2.0,20.0,1.0,20.0,20.0,1.0,,20.0,1.0
782,K20240224,782.0,3.0,3.0,0.0,1.0,184.0,-1.0,1.0,80.0,2.0,20.0,80.0,1.0,1.0,80.0,-1.0
783,K20240224,783.0,3.0,1.0,1.0,1.0,183.0,1.0,1.0,0.0,1.0,20.0,20.0,1.0,1.0,20.0,1.0
784,K20240224,784.0,3.0,2.0,1.0,1.0,171.0,1.0,2.0,0.0,2.0,50.0,50.0,2.0,2.0,50.0,1.0
785,K20240224,785.0,3.0,2.0,-1.0,1.0,197.0,-1.0,2.0,20.0,2.0,0.0,20.0,2.0,2.0,20.0,-1.0
786,K20240224,786.0,3.0,2.0,-1.0,1.0,157.0,-1.0,2.0,80.0,2.0,0.0,80.0,2.0,2.0,80.0,-1.0
787,K20240224,787.0,3.0,4.0,0.0,1.0,178.0,1.0,1.0,20.0,2.0,50.0,50.0,2.0,2.0,50.0,1.0
788,K20240224,788.0,3.0,2.0,0.0,1.0,142.0,-1.0,2.0,80.0,2.0,20.0,80.0,2.0,2.0,80.0,-1.0
789,K20240224,789.0,3.0,1.0,0.0,1.0,195.0,-1.0,1.0,50.0,1.0,20.0,50.0,1.0,1.0,50.0,-1.0
790,K20240224,790.0,3.0,5.0,0.0,0.0,215.0,1.0,2.0,50.0,1.0,50.0,50.0,1.0,,50.0,1.0
791,K20240224,791.0,3.0,4.0,0.0,1.0,174.0,1.0,1.0,50.0,2.0,80.0,80.0,2.0,2.0,80.0,1.0
792,K20240224,792.0,3.0,4.0,0.0,1.0,162.0,1.0,1.0,20.0,2.0,80.0,80.0,2.0,2.0,80.0,1.0
793,K20240224,793.0,3.0,4.0,0.0,1.0,181.0,-1.0,2.0,80.0,1.0,50.0,80.0,2.0,2.0,80.0,-1.0
794,K20240224,794.0,3.0,1.0,-1.0,1.0,194.0,-1.0,1.0,20.0,1.0,0.0,20.0,1.0,1.0,20.0,-1.0
795,K20240224,795.0,3.0,2.0,0.0,1.0,171.0,-1.0,2.0,50.0,2.0,20.0,50.0,2.0,2.0,50.0,-1.0
796,K20240224,796.0,3.0,5.0,0.0,0.0,501.0,1.0,1.0,50.0,2.0,50.0,50.0,2.0,,50.0,1.0
797,K20240224,797.0,3.0,3.0,0.0,1.0,178.0,1.0,2.0,50.0,1.0,80.0,80.0,1.0,1.0,80.0,1.0
798,K20240224,798.0,3.0,4.0,0.0,1.0,205.0,-1.0,2.0,50.0,1.0,20.0,50.0,2.0,2.0,50.0,-1.0
799,K20240224,799.0,3.0,2.0,-1.0,1.0,210.0,-1.0,2.0,20.0,2.0,0.0,20.0,2.0,2.0,20.0,-1.0
800,K20240224,800.0,3.0,5.0,0.0,0.0,148.0,1.0,2.0,20.0,1.0,20.0,20.0,1.0,,20.0,1.0
801,K20240224,801.0,3.0,5.0,0.0,0.0,171.0,1.0,1.0,50.0,2.0,50.0,50.0,2.0,,50.0,1.0
802,K20240224,802.0,3.0,3.0,0.0,1.0,176.0,-1.0,1.0,50.0,2.0,20.0,50.0,1.0,1.0,50.0,-1.0
803,K20240224,803.0,3.0,2.0,1.0,1.0,166.0,1.0,2.0,0.0,2.0,50.0,50.0,2.0,2.0,50.0,1.0
804,K20240224,804.0,3.0,1.0,-1.0,1.0,164.0,-1.0,1.0,80.0,1.0,0.0,80.0,1.0,1.0,80.0,-1.0
805,K20240224,805.0,3.0,1.0,0.0,1.0,217.0,1.0,1.0,50.0,1.0,80.0,80.0,1.0,1.0,80.0,1.0
806,K20240224,806.0,3.0,3.0,0.0,1.0,191.0,1.0,2.0,50.0,1.0,80.0,80.0,1.0,1.0,80.0,1.0
807,K20240224,807.0,3.0,1.0,-1.0,1.0,205.0,-1.0,1.0,50.0,1.0,0.0,50.0,1.0,1.0,50.0,-1.0
808,K20240224,808.0,3.0,3.0,0.0,1.0,163.0,1.0,2.0,20.0,1.0,50.0,50.0,1.0,1.0,50.0,1.0
809,K20240224,809.0,3.0,1.0,1.0,1.0,153.0,1.0,1.0,0.0,1.0,80.0,80.0,1.0,1.0,80.0,1.0
810,K20240224,810.0,3.0,2.0,0.0,1.0,154.0,1.0,2.0,50.0,2.0,80.0,80.0,2.0,2.0,80.0,1.0
811,K20240224,811.0,3.0,3.0,0.0,1.0,186.0,-1.0,1.0,80.0,2.0,20.0,80.0,1.0,1.0,80.0,-1.0
812,K20240224,812.0,3.0,1.0,-1.0,1.0,191.0,-1.0,1.0,20.0,1.0,0.0,20.0,1.0,1.0,20.0,-1.0
813,K20240224,813.0,3.0,1.0,0.0,1.0,273.0,-1.0,1.0,50.0,1.0,20.0,50.0,1.0,1.0,50.0,-1.0
814,K20240224,814.0,3.0,2.0,0.0,1.0,162.0,1.0,2.0,20.0,2.0,50.0,50.0,2.0,2.0,50.0,1.0
815,K20240224,815.0,3.0,2.0,-1.0,1.0,171.0,-1.0,2.0,80.0,2.0,0.0,80.0,2.0,2.0,80.0,-1.0
816,K20240224,816.0,3.0,4.0,0.0,1.0,157.0,1.0,1.0,20.0,2.0,80.0,80.0,2.0,2.0,80.0,1.0
817,K20240224,817.0,3.0,5.0,0.0,0.0,170.0,1.0,2.0,50.0,1.0,50.0,50.0,1.0,,50.0,1.0
818,K20240224,818.0,3.0,2.0,-1.0,1.0,239.0,-1.0,2.0,50.0,2.0,0.0,50.0,2.0,2.0,50.0,-1.0
819,K20240224,819.0,3.0,2.0,1.0,1.0,160.0,1.0,2.0,0.0,2.0,80.0,80.0,2.0,2.0,80.0,1.0
820,K20240224,820.0,3.0,2.0,0.0,1.0,160.0,-1.0,2.0,80.0,2.0,20.0,80.0,2.0,2.0,80.0,-1.0
821,K20240224,821.0,3.0,5.0,0.0,0.0,194.0,-1.0,2.0,80.0,1.0,80.0,80.0,2.0,,80.0,1.0
822,K20240224,822.0,3.0,3.0,0.0,1.0,177.0,-1.0,1.0,80.0,2.0,50.0,80.0,1.0,1.0,80.0,-1.0
823,K20240224,823.0,3.0,4.0,0.0,1.0,156.0,1.0,1.0,50.0,2.0,80.0,80.0,2.0,2.0,80.0,1.0
824,K20240224,824.0,3.0,1.0,0.0,1.0,163.0,1.0,1.0,20.0,1.0,50.0,50.0,1.0,1.0,50.0,1.0
825,K20240224,825.0,3.0,4.0,0.0,1.0,183.0,-1.0,2.0,80.0,1.0,50.0,80.0,2.0,2.0,80.0,-1.0
826,K20240224,826.0,3.0,1.0,0.0,1.0,188.0,-1.0,1.0,80.0,1.0,20.0,80.0,1.0,1.0,80.0,-1.0
827,K20240224,827.0,3.0,3.0,0.0,1.0,193.0,1.0,2.0,20.0,1.0,80.0,80.0,1.0,1.0,80.0,1.0
828,K20240224,828.0,3.0,2.0,0.0,1.0,221.0,-1.0,2.0,50.0,2.0,20.0,50.0,2.0,2.0,50.0,-1.0
829,K20240224,829.0,3.0,1.0,1.0,1.0,157.0,1.0,1.0,0.0,1.0,50.0,50.0,1.0,1.0,50.0,1.0
830,K20240224,830.0,3.0,1.0,0.0,1.0,148.0,1.0,1.0,20.0,1.0,80.0,80.0,1.0,1.0,80.0,1.0
831,K20240224,831.0,3.0,5.0,0.0,0.0,162.0,1.0,1.0,80.0,2.0,80.0,80.0,2.0,,80.0,1.0
832,K20240224,832.0,3.0,4.0,0.0,1.0,195.0,1.0,1.0,20.0,2.0,50.0,50.0,2.0,2.0,50.0,1.0
833,K20240224,833.0,3.0,2.0,0.0,1.0,187.0,-1.0,2.0,80.0,2.0,50.0,80.0,2.0,2.0,80.0,-1.0
834,K20240224,834.0,3.0,1.0,0.0,0.0,212.0,1.0,1.0,80.0,1.0,50.0,50.0,1.0,1.0,80.0,-1.0
835,K20240224,835.0,3.0,5.0,0.0,0.0,332.0,1.0,1.0,20.0,2.0,20.0,20.0,2.0,,20.0,1.0
836,K20240224,836.0,3.0,4.0,0.0,1.0,177.0,-1.0,2.0,80.0,1.0,20.0,80.0,2.0,2.0,80.0,-1.0
837,K20240224,837.0,3.0,2.0,1.0,1.0,223.0,1.0,2.0,0.0,2.0,20.0,20.0,2.0,2.0,20.0,1.0
838,K20240224,838.0,3.0,1.0,1.0,1.0,187.0,1.0,1.0,0.0,1.0,20.0,20.0,1.0,1.0,20.0,1.0
839,K20240224,839.0,3.0,4.0,0.0,1.0,172.0,-1.0,2.0,50.0,1.0,20.0,50.0,2.0,2.0,50.0,-1.0
840,K20240224,840.0,3.0,2.0,0.0,1.0,162.0,1.0,2.0,20.0,2.0,80.0,80.0,2.0,2.0,80.0,1.0
841,K20240224,841.0,3.0,1.0,-1.0,1.0,186.0,-1.0,1.0,80.0,1.0,0.0,80.0,1.0,1.0,80.0,-1.0
842,K20240224,842.0,3.0,2.0,-1.0,1.0,183.0,-1.0,2.0,50.0,2.0,0.0,50.0,2.0,2.0,50.0,-1.0
843,K20240224,843.0,3.0,4.0,0.0,1.0,173.0,1.0,1.0,20.0,2.0,50.0,50.0,2.0,2.0,50.0,1.0
844,K20240224,844.0,3.0,2.0,0.0,1.0,173.0,-1.0,2.0,50.0,2.0,20.0,50.0,2.0,2.0,50.0,-1.0
845,K20240224,845.0,3.0,5.0,0.0,0.0,160.0,1.0,2.0,20.0,1.0,20.0,20.0,1.0,,20.0,1.0
846,K20240224,846.0,3.0,1.0,0.0,1.0,187.0,1.0,1.0,20.0,1.0,80.0,80.0,1.0,1.0,80.0,1.0
847,K20240224,847.0,3.0,4.0,0.0,1.0,180.0,-1.0,2.0,80.0,1.0,20.0,80.0,2.0,2.0,80.0,-1.0
848,K20240224,848.0,3.0,4.0,0.0,1.0,180.0,1.0,1.0,50.0,2.0,80.0,80.0,2.0,2.0,80.0,1.0
849,K20240224,849.0,3.0,3.0,0.0,1.0,176.0,1.0,2.0,50.0,1.0,80.0,80.0,1.0,1.0,80.0,1.0
850,K20240224,850.0,3.0,5.0,0.0,0.0,406.0,1.0,1.0,50.0,2.0,50.0,50.0,2.0,,50.0,1.0
851,K20240224,851.0,3.0,1.0,-1.0,1.0,304.0,-1.0,1.0,20.0,1.0,0.0,20.0,1.0,1.0,20.0,-1.0
852,K20240224,852.0,3.0,1.0,0.0,1.0,202.0,-1.0,1.0,80.0,1.0,20.0,80.0,1.0,1.0,80.0,-1.0
853,K20240224,853.0,3.0,1.0,0.0,1.0,205.0,-1.0,1.0,80.0,1.0,50.0,80.0,1.0,1.0,80.0,-1.0
854,K20240224,854.0,3.0,1.0,0.0,1.0,189.0,1.0,1.0,20.0,1.0,50.0,50.0,1.0,1.0,50.0,1.0
855,K20240224,855.0,3.0,1.0,1.0,1.0,157.0,1.0,1.0,0.0,1.0,50.0,50.0,1.0,1.0,50.0,1.0
856,K20240224,856.0,3.0,1.0,0.0,1.0,191.0,-1.0,1.0,50.0,1.0,20.0,50.0,1.0,1.0,50.0,-1.0
857,K20240224,857.0,3.0,5.0,0.0,0.0,173.0,1.0,2.0,50.0,1.0,50.0,50.0,1.0,,50.0,1.0
858,K20240224,858.0,3.0,2.0,-1.0,1.0,217.0,-1.0,2.0,20.0,2.0,0.0,20.0,2.0,2.0,20.0,-1.0
859,K20240224,859.0,3.0,3.0,0.0,1.0,207.0,-1.0,1.0,80.0,2.0,50.0,80.0,1.0,1.0,80.0,-1.0
860,K20240224,860.0,3.0,1.0,0.0,1.0,175.0,1.0,1.0,50.0,1.0,80.0,80.0,1.0,1.0,80.0,1.0
861,K20240224,861.0,3.0,2.0,0.0,1.0,188.0,-1.0,2.0,80.0,2.0,50.0,80.0,2.0,2.0,80.0,-1.0
862,K20240224,862.0,3.0,5.0,0.0,0.0,154.0,1.0,1.0,80.0,2.0,80.0,80.0,2.0,,80.0,1.0
863,K20240224,863.0,3.0,3.0,0.0,1.0,176.0,-1.0,1.0,80.0,2.0,20.0,80.0,1.0,1.0,80.0,-1.0
864,K20240224,864.0,3.0,2.0,1.0,1.0,188.0,1.0,2.0,0.0,2.0,80.0,80.0,2.0,2.0,80.0,1.0
865,K20240224,865.0,3.0,2.0,0.0,1.0,141.0,-1.0,2.0,80.0,2.0,20.0,80.0,2.0,2.0,80.0,-1.0
866,K20240224,866.0,3.0,3.0,0.0,1.0,193.0,1.0,2.0,20.0,1.0,80.0,80.0,1.0,1.0,80.0,1.0
867,K20240224,867.0,3.0,1.0,-1.0,1.0,188.0,-1.0,1.0,50.0,1.0,0.0,50.0,1.0,1.0,50.0,-1.0
868,K20240224,868.0,3.0,2.0,0.0,1.0,176.0,1.0,2.0,20.0,2.0,50.0,50.0,2.0,2.0,50.0,1.0
869,K20240224,869.0,3.0,4.0,0.0,1.0,174.0,1.0,1.0,20.0,2.0,80.0,80.0,2.0,2.0,80.0,1.0
870,K20240224,870.0,3.0,4.0,0.0,1.0,307.0,-1.0,2.0,50.0,1.0,20.0,50.0,2.0,2.0,50.0,-1.0
871,K20240224,871.0,3.0,1.0,1.0,1.0,158.0,1.0,1.0,0.0,1.0,80.0,80.0,1.0,1.0,80.0,1.0
872,K20240224,872.0,3.0,2.0,1.0,1.0,167.0,1.0,2.0,0.0,2.0,50.0,50.0,2.0,2.0,50.0,1.0
873,K20240224,873.0,3.0,5.0,0.0,0.0,237.0,1.0,2.0,80.0,1.0,80.0,80.0,1.0,,80.0,1.0
874,K20240224,874.0,3.0,2.0,-1.0,1.0,187.0,-1.0,2.0,80.0,2.0,0.0,80.0,2.0,2.0,80.0,-1.0
875,K20240224,875.0,3.0,1.0,1.0,1.0,253.0,1.0,1.0,0.0,1.0,20.0,20.0,1.0,1.0,20.0,1.0
876,K20240224,876.0,3.0,5.0,0.0,0.0,330.0,1.0,1.0,20.0,2.0,20.0,20.0,2.0,,20.0,1.0
877,K20240224,877.0,3.0,2.0,1.0,1.0,211.0,1.0,2.0,0.0,2.0,20.0,20.0,2.0,2.0,20.0,1.0
878,K20240224,878.0,3.0,2.0,0.0,1.0,158.0,1.0,2.0,50.0,2.0,80.0,80.0,2.0,2.0,80.0,1.0
879,K20240224,879.0,3.0,4.0,0.0,1.0,189.0,-1.0,2.0,80.0,1.0,50.0,80.0,2.0,2.0,80.0,-1.0
880,K20240224,880.0,3.0,3.0,0.0,1.0,174.0,-1.0,1.0,50.0,2.0,20.0,50.0,1.0,1.0,50.0,-1.0
881,K20240224,881.0,3.0,3.0,0.0,1.0,167.0,1.0,2.0,20.0,1.0,50.0,50.0,1.0,1.0,50.0,1.0
882,K20240224,882.0,3.0,2.0,0.0,1.0,139.0,1.0,2.0,20.0,2.0,80.0,80.0,2.0,2.0,80.0,1.0
883,K20240224,883.0,3.0,3.0,0.0,1.0,187.0,-1.0,1.0,50.0,2.0,20.0,50.0,1.0,1.0,50.0,-1.0
884,K20240224,884.0,3.0,1.0,-1.0,1.0,157.0,-1.0,1.0,50.0,1.0,0.0,50.0,1.0,1.0,50.0,-1.0
885,K20240224,885.0,3.0,5.0,0.0,0.0,170.0,1.0,2.0,50.0,1.0,50.0,50.0,1.0,,50.0,1.0
886,K20240224,886.0,3.0,3.0,0.0,1.0,178.0,1.0,2.0,20.0,1.0,80.0,80.0,1.0,1.0,80.0,1.0
887,K20240224,887.0,3.0,1.0,1.0,1.0,172.0,1.0,1.0,0.0,1.0,80.0,80.0,1.0,1.0,80.0,1.0
888,K20240224,888.0,3.0,2.0,0.0,1.0,157.0,1.0,2.0,20.0,2.0,50.0,50.0,2.0,2.0,50.0,1.0
889,K20240224,889.0,3.0,2.0,-1.0,1.0,163.0,-1.0,2.0,80.0,2.0,0.0,80.0,2.0,2.0,80.0,-1.0
890,K20240224,890.0,3.0,3.0,0.0,1.0,162.0,1.0,2.0,50.0,1.0,80.0,80.0,1.0,1.0,80.0,1.0
891,K20240224,891.0,3.0,2.0,1.0,1.0,220.0,1.0,2.0,0.0,2.0,20.0,20.0,2.0,2.0,20.0,1.0
892,K20240224,892.0,3.0,4.0,0.0,1.0,172.0,1.0,1.0,50.0,2.0,80.0,80.0,2.0,2.0,80.0,1.0
893,K20240224,893.0,3.0,2.0,0.0,1.0,179.0,-1.0,2.0,80.0,2.0,50.0,80.0,2.0,2.0,80.0,-1.0
894,K20240224,894.0,3.0,1.0,1.0,1.0,252.0,1.0,1.0,0.0,1.0,20.0,20.0,1.0,1.0,20.0,1.0
895,K20240224,895.0,3.0,2.0,0.0,1.0,170.0,-1.0,2.0,50.0,2.0,20.0,50.0,2.0,2.0,50.0,-1.0
896,K20240224,896.0,3.0,4.0,0.0,1.0,162.0,1.0,1.0,20.0,2.0,80.0,80.0,2.0,2.0,80.0,1.0
897,K20240224,897.0,3.0,1.0,0.0,1.0,158.0,1.0,1.0,50.0,1.0,80.0,80.0,1.0,1.0,80.0,1.0
898,K20240224,898.0,3.0,1.0,1.0,1.0,154.0,1.0,1.0,0.0,1.0,50.0,50.0,1.0,1.0,50.0,1.0
899,K20240224,899.0,3.0,5.0,0.0,0.0,182.0,-1.0,2.0,80.0,1.0,80.0,80.0,2.0,,80.0,1.0
900,K20240224,900.0,3.0,3.0,0.0,0.0,492.0,1.0,1.0,80.0,2.0,50.0,50.0,2.0,1.0,80.0,-1.0
901,K20240224,901.0,3.0,4.0,0.0,1.0,209.0,-1.0,2.0,50.0,1.0,20.0,50.0,2.0,2.0,50.0,-1.0
902,K20240224,902.0,3.0,1.0,0.0,1.0,189.0,1.0,1.0,20.0,1.0,50.0,50.0,1.0,1.0,50.0,1.0
903,K20240224,903.0,3.0,5.0,0.0,0.0,189.0,1.0,2.0,20.0,1.0,20.0,20.0,1.0,,20.0,1.0
904,K20240224,904.0,3.0,1.0,0.0,1.0,187.0,-1.0,1.0,80.0,1.0,20.0,80.0,1.0,1.0,80.0,-1.0
905,K20240224,905.0,3.0,1.0,0.0,1.0,172.0,1.0,1.0,20.0,1.0,80.0,80.0,1.0,1.0,80.0,1.0
906,K20240224,906.0,3.0,1.0,0.0,0.0,195.0,1.0,1.0,80.0,1.0,50.0,50.0,1.0,1.0,80.0,-1.0
907,K20240224,907.0,3.0,4.0,0.0,1.0,203.0,-1.0,2.0,80.0,1.0,50.0,80.0,2.0,2.0,80.0,-1.0
908,K20240224,908.0,3.0,2.0,0.0,1.0,170.0,-1.0,2.0,80.0,2.0,20.0,80.0,2.0,2.0,80.0,-1.0
909,K20240224,909.0,3.0,1.0,-1.0,1.0,184.0,-1.0,1.0,20.0,1.0,0.0,20.0,1.0,1.0,20.0,-1.0
910,K20240224,910.0,3.0,5.0,0.0,0.0,152.0,1.0,1.0,50.0,2.0,50.0,50.0,2.0,,50.0,1.0
911,K20240224,911.0,3.0,2.0,0.0,1.0,155.0,1.0,2.0,50.0,2.0,80.0,80.0,2.0,2.0,80.0,1.0
912,K20240224,912.0,3.0,3.0,0.0,1.0,171.0,-1.0,1.0,80.0,2.0,20.0,80.0,1.0,1.0,80.0,-1.0
913,K20240224,913.0,3.0,2.0,1.0,1.0,180.0,1.0,2.0,0.0,2.0,80.0,80.0,2.0,2.0,80.0,1.0
914,K20240224,914.0,3.0,4.0,0.0,1.0,170.0,1.0,1.0,20.0,2.0,50.0,50.0,2.0,2.0,50.0,1.0
915,K20240224,915.0,3.0,5.0,0.0,0.0,173.0,1.0,1.0,80.0,2.0,80.0,80.0,2.0,,80.0,1.0
916,K20240224,916.0,3.0,2.0,1.0,1.0,187.0,1.0,2.0,0.0,2.0,50.0,50.0,2.0,2.0,50.0,1.0
917,K20240224,917.0,3.0,1.0,-1.0,1.0,188.0,-1.0,1.0,80.0,1.0,0.0,80.0,1.0,1.0,80.0,-1.0
918,K20240224,918.0,3.0,3.0,0.0,1.0,176.0,1.0,2.0,20.0,1.0,50.0,50.0,1.0,1.0,50.0,1.0
919,K20240224,919.0,3.0,4.0,0.0,1.0,167.0,-1.0,2.0,80.0,1.0,20.0,80.0,2.0,2.0,80.0,-1.0
920,K20240224,920.0,3.0,5.0,0.0,0.0,374.0,1.0,1.0,20.0,2.0,20.0,20.0,2.0,,20.0,1.0
921,K20240224,921.0,3.0,2.0,-1.0,1.0,222.0,-1.0,2.0,50.0,2.0,0.0,50.0,2.0,2.0,50.0,-1.0
922,K20240224,922.0,3.0,1.0,0.0,1.0,192.0,-1.0,1.0,50.0,1.0,20.0,50.0,1.0,1.0,50.0,-1.0
923,K20240224,923.0,3.0,2.0,-1.0,1.0,226.0,-1.0,2.0,20.0,2.0,0.0,20.0,2.0,2.0,20.0,-1.0
924,K20240224,924.0,3.0,2.0,0.0,1.0,138.0,1.0,2.0,20.0,2.0,80.0,80.0,2.0,2.0,80.0,1.0
925,K20240224,925.0,3.0,3.0,0.0,1.0,167.0,1.0,2.0,20.0,1.0,80.0,80.0,1.0,1.0,80.0,1.0
926,K20240224,926.0,3.0,4.0,0.0,1.0,170.0,-1.0,2.0,80.0,1.0,20.0,80.0,2.0,2.0,80.0,-1.0
927,K20240224,927.0,3.0,5.0,0.0,0.0,243.0,1.0,2.0,20.0,1.0,20.0,20.0,1.0,,20.0,1.0
928,K20240224,928.0,3.0,2.0,0.0,1.0,161.0,-1.0,2.0,80.0,2.0,20.0,80.0,2.0,2.0,80.0,-1.0
929,K20240224,929.0,3.0,2.0,0.0,1.0,178.0,-1.0,2.0,50.0,2.0,20.0,50.0,2.0,2.0,50.0,-1.0
930,K20240224,930.0,3.0,1.0,-1.0,1.0,187.0,-1.0,1.0,50.0,1.0,0.0,50.0,1.0,1.0,50.0,-1.0
931,K20240224,931.0,3.0,3.0,0.0,1.0,178.0,1.0,2.0,50.0,1.0,80.0,80.0,1.0,1.0,80.0,1.0
932,K20240224,932.0,3.0,3.0,0.0,1.0,172.0,-1.0,1.0,80.0,2.0,20.0,80.0,1.0,1.0,80.0,-1.0
933,K20240224,933.0,3.0,1.0,0.0,1.0,165.0,1.0,1.0,20.0,1.0,50.0,50.0,1.0,1.0,50.0,1.0
934,K20240224,934.0,3.0,5.0,0.0,0.0,170.0,1.0,2.0,50.0,1.0,50.0,50.0,1.0,,50.0,1.0
935,K20240224,935.0,3.0,2.0,-1.0,1.0,216.0,-1.0,2.0,50.0,2.0,0.0,50.0,2.0,2.0,50.0,-1.0
936,K20240224,936.0,3.0,2.0,0.0,1.0,173.0,1.0,2.0,20.0,2.0,50.0,50.0,2.0,2.0,50.0,1.0
937,K20240224,937.0,3.0,5.0,0.0,0.0,439.0,1.0,2.0,80.0,1.0,80.0,80.0,1.0,,80.0,1.0
938,K20240224,938.0,3.0,1.0,0.0,1.0,192.0,-1.0,1.0,80.0,1.0,20.0,80.0,1.0,1.0,80.0,-1.0
939,K20240224,939.0,3.0,1.0,-1.0,1.0,189.0,-1.0,1.0,20.0,1.0,0.0,20.0,1.0,1.0,20.0,-1.0
940,K20240224,940.0,3.0,4.0,0.0,1.0,154.0,1.0,1.0,20.0,2.0,50.0,50.0,2.0,2.0,50.0,1.0
941,K20240224,941.0,3.0,4.0,0.0,1.0,139.0,1.0,1.0,20.0,2.0,80.0,80.0,2.0,2.0,80.0,1.0
942,K20240224,942.0,3.0,5.0,0.0,0.0,162.0,1.0,1.0,80.0,2.0,80.0,80.0,2.0,,80.0,1.0
943,K20240224,943.0,3.0,3.0,0.0,1.0,206.0,-1.0,1.0,50.0,2.0,20.0,50.0,1.0,1.0,50.0,-1.0
944,K20240224,944.0,3.0,3.0,0.0,1.0,150.0,1.0,2.0,20.0,1.0,50.0,50.0,1.0,1.0,50.0,1.0
945,K20240224,945.0,3.0,2.0,1.0,1.0,164.0,1.0,2.0,0.0,2.0,50.0,50.0,2.0,2.0,50.0,1.0
946,K20240224,946.0,3.0,1.0,1.0,1.0,150.0,1.0,1.0,0.0,1.0,80.0,80.0,1.0,1.0,80.0,1.0
947,K20240224,947.0,3.0,4.0,0.0,1.0,222.0,-1.0,2.0,50.0,1.0,20.0,50.0,2.0,2.0,50.0,-1.0
948,K20240224,948.0,3.0,4.0,0.0,1.0,154.0,1.0,1.0,50.0,2.0,80.0,80.0,2.0,2.0,80.0,1.0
949,K20240224,949.0,3.0,1.0,1.0,1.0,160.0,1.0,1.0,0.0,1.0,50.0,50.0,1.0,1.0,50.0,1.0
950,K20240224,950.0,3.0,5.0,0.0,0.0,240.0,1.0,1.0,50.0,2.0,50.0,50.0,2.0,,50.0,1.0
951,K20240224,951.0,3.0,2.0,-1.0,1.0,183.0,-1.0,2.0,20.0,2.0,0.0,20.0,2.0,2.0,20.0,-1.0
952,K20240224,952.0,3.0,1.0,0.0,1.0,160.0,1.0,1.0,20.0,1.0,80.0,80.0,1.0,1.0,80.0,1.0
953,K20240224,953.0,3.0,2.0,0.0,1.0,155.0,1.0,2.0,50.0,2.0,80.0,80.0,2.0,2.0,80.0,1.0
954,K20240224,954.0,3.0,2.0,0.0,1.0,167.0,1.0,2.0,20.0,2.0,80.0,80.0,2.0,2.0,80.0,1.0
955,K20240224,955.0,3.0,2.0,-1.0,1.0,175.0,-1.0,2.0,80.0,2.0,0.0,80.0,2.0,2.0,80.0,-1.0
956,K20240224,956.0,3.0,2.0,1.0,1.0,234.0,1.0,2.0,0.0,2.0,20.0,20.0,2.0,2.0,20.0,1.0
957,K20240224,957.0,3.0,4.0,0.0,1.0,197.0,-1.0,2.0,80.0,1.0,50.0,80.0,2.0,2.0,80.0,-1.0
958,K20240224,958.0,3.0,5.0,0.0,0.0,349.0,1.0,1.0,20.0,2.0,20.0,20.0,2.0,,20.0,1.0
959,K20240224,959.0,3.0,1.0,1.0,1.0,203.0,1.0,1.0,0.0,1.0,20.0,20.0,1.0,1.0,20.0,1.0
960,K20240224,960.0,3.0,1.0,0.0,1.0,175.0,1.0,1.0,50.0,1.0,80.0,80.0,1.0,1.0,80.0,1.0
961,K20240224,961.0,3.0,1.0,0.0,0.0,184.0,1.0,1.0,80.0,1.0,50.0,50.0,1.0,1.0,80.0,-1.0
962,K20240224,962.0,3.0,1.0,0.0,1.0,181.0,-1.0,1.0,50.0,1.0,20.0,50.0,1.0,1.0,50.0,-1.0
963,K20240224,963.0,3.0,2.0,0.0,1.0,188.0,-1.0,2.0,80.0,2.0,50.0,80.0,2.0,2.0,80.0,-1.0
964,K20240224,964.0,3.0,2.0,1.0,1.0,168.0,1.0,2.0,0.0,2.0,80.0,80.0,2.0,2.0,80.0,1.0
965,K20240224,965.0,3.0,3.0,0.0,1.0,183.0,-1.0,1.0,80.0,2.0,50.0,80.0,1.0,1.0,80.0,-1.0
966,K20240224,966.0,3.0,1.0,-1.0,1.0,167.0,-1.0,1.0,80.0,1.0,0.0,80.0,1.0,1.0,80.0,-1.0
967,K20240224,967.0,3.0,3.0,0.0,1.0,191.0,-1.0,1.0,80.0,2.0,20.0,80.0,1.0,1.0,80.0,-1.0
968,K20240224,968.0,3.0,2.0,1.0,1.0,235.0,1.0,2.0,0.0,2.0,20.0,20.0,2.0,2.0,20.0,1.0
969,K20240224,969.0,3.0,3.0,0.0,1.0,213.0,1.0,2.0,50.0,1.0,80.0,80.0,1.0,1.0,80.0,1.0
970,K20240224,970.0,3.0,1.0,-1.0,1.0,192.0,-1.0,1.0,50.0,1.0,0.0,50.0,1.0,1.0,50.0,-1.0
971,K20240224,971.0,3.0,1.0,-1.0,1.0,204.0,-1.0,1.0,20.0,1.0,0.0,20.0,1.0,1.0,20.0,-1.0
972,K20240224,972.0,3.0,5.0,0.0,0.0,250.0,1.0,1.0,20.0,2.0,20.0,20.0,2.0,,20.0,1.0
973,K20240224,973.0,3.0,1.0,0.0,1.0,208.0,-1.0,1.0,50.0,1.0,20.0,50.0,1.0,1.0,50.0,-1.0
974,K20240224,974.0,3.0,2.0,-1.0,1.0,191.0,-1.0,2.0,20.0,2.0,0.0,20.0,2.0,2.0,20.0,-1.0
975,K20240224,975.0,3.0,2.0,-1.0,1.0,285.0,-1.0,2.0,50.0,2.0,0.0,50.0,2.0,2.0,50.0,-1.0
976,K20240224,976.0,3.0,2.0,0.0,1.0,142.0,-1.0,2.0,80.0,2.0,20.0,80.0,2.0,2.0,80.0,-1.0
977,K20240224,977.0,3.0,4.0,0.0,1.0,172.0,1.0,1.0,20.0,2.0,80.0,80.0,2.0,2.0,80.0,1.0
978,K20240224,978.0,3.0,1.0,0.0,1.0,187.0,1.0,1.0,20.0,1.0,80.0,80.0,1.0,1.0,80.0,1.0
979,K20240224,979.0,3.0,3.0,0.0,1.0,168.0,1.0,2.0,20.0,1.0,80.0,80.0,1.0,1.0,80.0,1.0
980,K20240224,980.0,3.0,4.0,0.0,1.0,190.0,-1.0,2.0,80.0,1.0,20.0,80.0,2.0,2.0,80.0,-1.0
981,K20240224,981.0,3.0,4.0,0.0,1.0,170.0,1.0,1.0,50.0,2.0,80.0,80.0,2.0,2.0,80.0,1.0
982,K20240224,982.0,3.0,3.0,0.0,1.0,202.0,-1.0,1.0,80.0,2.0,50.0,80.0,1.0,1.0,80.0,-1.0
983,K20240224,983.0,3.0,3.0,0.0,1.0,180.0,1.0,2.0,20.0,1.0,50.0,50.0,1.0,1.0,50.0,1.0
984,K20240224,984.0,3.0,1.0,1.0,1.0,161.0,1.0,1.0,0.0,1.0,20.0,20.0,1.0,1.0,20.0,1.0
985,K20240224,985.0,3.0,4.0,0.0,1.0,175.0,1.0,1.0,20.0,2.0,50.0,50.0,2.0,2.0,50.0,1.0
986,K20240224,986.0,3.0,4.0,0.0,1.0,174.0,-1.0,2.0,80.0,1.0,50.0,80.0,2.0,2.0,80.0,-1.0
987,K20240224,987.0,3.0,2.0,0.0,1.0,192.0,-1.0,2.0,50.0,2.0,20.0,50.0,2.0,2.0,50.0,-1.0
988,K20240224,988.0,3.0,1.0,0.0,1.0,197.0,-1.0,1.0,80.0,1.0,20.0,80.0,1.0,1.0,80.0,-1.0
989,K20240224,989.0,3.0,1.0,0.0,0.0,172.0,1.0,1.0,80.0,1.0,50.0,50.0,1.0,1.0,80.0,-1.0
990,K20240224,990.0,3.0,1.0,1.0,1.0,143.0,1.0,1.0,0.0,1.0,80.0,80.0,1.0,1.0,80.0,1.0
991,K20240224,991.0,3.0,5.0,0.0,0.0,169.0,1.0,1.0,50.0,2.0,50.0,50.0,2.0,,50.0,1.0
992,K20240224,992.0,3.0,1.0,-1.0,1.0,171.0,-1.0,1.0,80.0,1.0,0.0,80.0,1.0,1.0,80.0,-1.0
993,K20240224,993.0,3.0,5.0,0.0,0.0,158.0,1.0,1.0,80.0,2.0,80.0,80.0,2.0,,80.0,1.0
994,K20240224,994.0,3.0,4.0,0.0,1.0,217.0,-1.0,2.0,50.0,1.0,20.0,50.0,2.0,2.0,50.0,-1.0
995,K20240224,995.0,3.0,2.0,-1.0,1.0,144.0,-1.0,2.0,80.0,2.0,0.0,80.0,2.0,2.0,80.0,-1.0
996,K20240224,996.0,3.0,1.0,1.0,1.0,192.0,1.0,1.0,0.0,1.0,50.0,50.0,1.0,1.0,50.0,1.0
997,K20240224,997.0,3.0,2.0,1.0,1.0,153.0,1.0,2.0,0.0,2.0,50.0,50.0,2.0,2.0,50.0,1.0
998,K20240224,998.0,3.0,2.0,0.0,1.0,160.0,-1.0,2.0,80.0,2.0,50.0,80.0,2.0,2.0,80.0,-1.0
999,K20240224,999.0,3.0,1.0,0.0,1.0,203.0,1.0,1.0,20.0,1.0,50.0,50.0,1.0,1.0,50.0,1.0
1000,K20240224,1000.0,3.0,2.0,0.0,1.0,172.0,1.0,2.0,20.0,2.0,50.0,50.0,2.0,2.0,50.0,1.0
1001,K20240224,1001.0,3.0,2.0,0.0,1.0,158.0,1.0,2.0,50.0,2.0,80.0,80.0,2.0,2.0,80.0,1.0
1002,K20240224,1002.0,3.0,5.0,0.0,0.0,503.0,1.0,2.0,80.0,1.0,80.0,80.0,1.0,,80.0,1.0
1003,K20240224,1003.0,3.0,5.0,0.0,0.0,190.0,1.0,2.0,50.0,1.0,50.0,50.0,1.0,,50.0,1.0
1004,K20240224,1004.0,3.0,2.0,0.0,1.0,163.0,1.0,2.0,20.0,2.0,80.0,80.0,2.0,2.0,80.0,1.0
1005,K20240224,1005.0,3.0,1.0,0.0,1.0,207.0,1.0,1.0,50.0,1.0,80.0,80.0,1.0,1.0,80.0,1.0
1006,K20240224,1006.0,3.0,2.0,1.0,1.0,150.0,1.0,2.0,0.0,2.0,80.0,80.0,2.0,2.0,80.0,1.0
1007,K20240224,1007.0,3.0,5.0,0.0,0.0,205.0,1.0,2.0,20.0,1.0,20.0,20.0,1.0,,20.0,1.0
1008,K20240224,1008.0,3.0,3.0,0.0,1.0,170.0,-1.0,1.0,50.0,2.0,20.0,50.0,1.0,1.0,50.0,-1.0
1009,K20240224,1009.0,3.0,1.0,0.0,1.0,344.0,-1.0,1.0,80.0,1.0,50.0,80.0,1.0,1.0,80.0,-1.0
1010,K20240224,1010.0,3.0,4.0,0.0,1.0,188.0,1.0,1.0,20.0,2.0,50.0,50.0,2.0,2.0,50.0,1.0
1011,K20240224,1011.0,3.0,3.0,0.0,1.0,170.0,1.0,2.0,20.0,1.0,80.0,80.0,1.0,1.0,80.0,1.0
1012,K20240224,1012.0,3.0,5.0,0.0,0.0,421.0,1.0,1.0,20.0,2.0,20.0,20.0,2.0,,20.0,1.0
1013,K20240224,1013.0,3.0,4.0,0.0,1.0,158.0,-1.0,2.0,80.0,1.0,20.0,80.0,2.0,2.0,80.0,-1.0
1014,K20240224,1014.0,3.0,2.0,0.0,1.0,169.0,-1.0,2.0,80.0,2.0,20.0,80.0,2.0,2.0,80.0,-1.0
1015,K20240224,1015.0,3.0,2.0,1.0,1.0,157.0,1.0,2.0,0.0,2.0,50.0,50.0,2.0,2.0,50.0,1.0
1016,K20240224,1016.0,3.0,2.0,-1.0,1.0,174.0,-1.0,2.0,80.0,2.0,0.0,80.0,2.0,2.0,80.0,-1.0
1017,K20240224,1017.0,3.0,5.0,0.0,0.0,192.0,1.0,2.0,50.0,1.0,50.0,50.0,1.0,,50.0,1.0
1018,K20240224,1018.0,3.0,3.0,0.0,1.0,174.0,1.0,2.0,20.0,1.0,50.0,50.0,1.0,1.0,50.0,1.0
1019,K20240224,1019.0,3.0,1.0,0.0,1.0,169.0,1.0,1.0,20.0,1.0,80.0,80.0,1.0,1.0,80.0,1.0
1020,K20240224,1020.0,3.0,4.0,0.0,0.0,189.0,1.0,2.0,80.0,1.0,50.0,50.0,1.0,2.0,80.0,-1.0
1021,K20240224,1021.0,3.0,5.0,0.0,0.0,320.0,1.0,1.0,50.0,2.0,50.0,50.0,2.0,,50.0,1.0
1022,K20240224,1022.0,3.0,1.0,1.0,1.0,189.0,1.0,1.0,0.0,1.0,20.0,20.0,1.0,1.0,20.0,1.0
1023,K20240224,1023.0,3.0,4.0,0.0,1.0,162.0,1.0,1.0,20.0,2.0,80.0,80.0,2.0,2.0,80.0,1.0
1024,K20240224,1024.0,3.0,2.0,1.0,1.0,159.0,1.0,2.0,0.0,2.0,80.0,80.0,2.0,2.0,80.0,1.0
1025,K20240224,1025.0,3.0,1.0,0.0,1.0,171.0,1.0,1.0,50.0,1.0,80.0,80.0,1.0,1.0,80.0,1.0
1026,K20240224,1026.0,3.0,5.0,0.0,0.0,482.0,1.0,2.0,20.0,1.0,20.0,20.0,1.0,,20.0,1.0
1027,K20240224,1027.0,3.0,2.0,0.0,1.0,161.0,1.0,2.0,50.0,2.0,80.0,80.0,2.0,2.0,80.0,1.0
1028,K20240224,1028.0,3.0,2.0,1.0,1.0,193.0,1.0,2.0,0.0,2.0,20.0,20.0,2.0,2.0,20.0,1.0
1029,K20240224,1029.0,3.0,3.0,0.0,1.0,176.0,-1.0,1.0,80.0,2.0,20.0,80.0,1.0,1.0,80.0,-1.0
1030,K20240224,1030.0,3.0,2.0,-1.0,1.0,187.0,-1.0,2.0,20.0,2.0,0.0,20.0,2.0,2.0,20.0,-1.0
1031,K20240224,1031.0,3.0,2.0,0.0,1.0,154.0,1.0,2.0,20.0,2.0,80.0,80.0,2.0,2.0,80.0,1.0
1032,K20240224,1032.0,3.0,3.0,0.0,1.0,183.0,-1.0,1.0,50.0,2.0,20.0,50.0,1.0,1.0,50.0,-1.0
1033,K20240224,1033.0,3.0,3.0,0.0,1.0,203.0,1.0,2.0,50.0,1.0,80.0,80.0,1.0,1.0,80.0,1.0
1034,K20240224,1034.0,3.0,2.0,0.0,1.0,188.0,-1.0,2.0,50.0,2.0,20.0,50.0,2.0,2.0,50.0,-1.0
1035,K20240224,1035.0,3.0,1.0,0.0,1.0,192.0,1.0,1.0,20.0,1.0,50.0,50.0,1.0,1.0,50.0,1.0
1036,K20240224,1036.0,3.0,1.0,-1.0,1.0,237.0,-1.0,1.0,20.0,1.0,0.0,20.0,1.0,1.0,20.0,-1.0
1037,K20240224,1037.0,3.0,2.0,0.0,1.0,168.0,1.0,2.0,20.0,2.0,50.0,50.0,2.0,2.0,50.0,1.0
1038,K20240224,1038.0,3.0,5.0,0.0,0.0,339.0,1.0,2.0,80.0,1.0,80.0,80.0,1.0,,80.0,1.0
1039,K20240224,1039.0,3.0,1.0,-1.0,1.0,181.0,-1.0,1.0,80.0,1.0,0.0,80.0,1.0,1.0,80.0,-1.0
1040,K20240224,1040.0,3.0,3.0,0.0,1.0,205.0,-1.0,1.0,80.0,2.0,50.0,80.0,1.0,1.0,80.0,-1.0
1041,K20240224,1041.0,3.0,1.0,-1.0,1.0,191.0,-1.0,1.0,50.0,1.0,0.0,50.0,1.0,1.0,50.0,-1.0
1042,K20240224,1042.0,3.0,4.0,0.0,1.0,347.0,-1.0,2.0,50.0,1.0,20.0,50.0,2.0,2.0,50.0,-1.0
1043,K20240224,1043.0,3.0,2.0,-1.0,1.0,207.0,-1.0,2.0,50.0,2.0,0.0,50.0,2.0,2.0,50.0,-1.0
1044,K20240224,1044.0,3.0,4.0,0.0,1.0,154.0,1.0,1.0,50.0,2.0,80.0,80.0,2.0,2.0,80.0,1.0
1045,K20240224,1045.0,3.0,2.0,0.0,1.0,171.0,-1.0,2.0,80.0,2.0,50.0,80.0,2.0,2.0,80.0,-1.0
1046,K20240224,1046.0,3.0,1.0,0.0,1.0,179.0,-1.0,1.0,80.0,1.0,20.0,80.0,1.0,1.0,80.0,-1.0
1047,K20240224,1047.0,3.0,1.0,1.0,1.0,217.0,1.0,1.0,0.0,1.0,50.0,50.0,1.0,1.0,50.0,1.0
1048,K20240224,1048.0,3.0,5.0,0.0,0.0,181.0,1.0,1.0,80.0,2.0,80.0,80.0,2.0,,80.0,1.0
1049,K20240224,1049.0,3.0,4.0,0.0,1.0,215.0,-1.0,2.0,50.0,1.0,20.0,50.0,2.0,2.0,50.0,-1.0
1050,K20240224,1050.0,3.0,1.0,0.0,1.0,178.0,1.0,1.0,50.0,1.0,80.0,80.0,1.0,1.0,80.0,1.0
1051,K20240224,1051.0,3.0,5.0,0.0,0.0,188.0,-1.0,2.0,80.0,1.0,80.0,80.0,2.0,,80.0,1.0
1052,K20240224,1052.0,3.0,4.0,0.0,1.0,157.0,1.0,1.0,20.0,2.0,80.0,80.0,2.0,2.0,80.0,1.0
1053,K20240224,1053.0,3.0,1.0,0.0,1.0,154.0,1.0,1.0,20.0,1.0,80.0,80.0,1.0,1.0,80.0,1.0
1054,K20240224,1054.0,3.0,1.0,1.0,1.0,205.0,1.0,1.0,0.0,1.0,20.0,20.0,1.0,1.0,20.0,1.0
1055,K20240224,1055.0,3.0,1.0,-1.0,1.0,222.0,-1.0,1.0,20.0,1.0,0.0,20.0,1.0,1.0,20.0,-1.0
1056,K20240224,1056.0,3.0,2.0,1.0,1.0,145.0,1.0,2.0,0.0,2.0,50.0,50.0,2.0,2.0,50.0,1.0
1057,K20240224,1057.0,3.0,1.0,1.0,1.0,160.0,1.0,1.0,0.0,1.0,50.0,50.0,1.0,1.0,50.0,1.0
1058,K20240224,1058.0,3.0,2.0,0.0,1.0,175.0,-1.0,2.0,80.0,2.0,20.0,80.0,2.0,2.0,80.0,-1.0
1059,K20240224,1059.0,3.0,3.0,0.0,1.0,173.0,1.0,2.0,20.0,1.0,50.0,50.0,1.0,1.0,50.0,1.0
1060,K20240224,1060.0,3.0,3.0,0.0,1.0,173.0,-1.0,1.0,80.0,2.0,20.0,80.0,1.0,1.0,80.0,-1.0
1061,K20240224,1061.0,3.0,4.0,0.0,1.0,178.0,1.0,1.0,50.0,2.0,80.0,80.0,2.0,2.0,80.0,1.0
1062,K20240224,1062.0,3.0,1.0,0.0,1.0,159.0,1.0,1.0,20.0,1.0,50.0,50.0,1.0,1.0,50.0,1.0
1063,K20240224,1063.0,3.0,1.0,1.0,1.0,178.0,1.0,1.0,0.0,1.0,80.0,80.0,1.0,1.0,80.0,1.0
1064,K20240224,1064.0,3.0,5.0,0.0,0.0,175.0,1.0,1.0,50.0,2.0,50.0,50.0,2.0,,50.0,1.0
1065,K20240224,1065.0,3.0,5.0,0.0,0.0,176.0,1.0,1.0,80.0,2.0,80.0,80.0,2.0,,80.0,1.0
1066,K20240224,1066.0,3.0,5.0,0.0,0.0,213.0,-1.0,2.0,50.0,1.0,50.0,50.0,2.0,,50.0,1.0
1067,K20240224,1067.0,3.0,2.0,0.0,1.0,192.0,-1.0,2.0,50.0,2.0,20.0,50.0,2.0,2.0,50.0,-1.0
1068,K20240224,1068.0,3.0,2.0,1.0,1.0,220.0,1.0,2.0,0.0,2.0,20.0,20.0,2.0,2.0,20.0,1.0
1069,K20240224,1069.0,3.0,4.0,0.0,1.0,164.0,-1.0,2.0,80.0,1.0,20.0,80.0,2.0,2.0,80.0,-1.0
1070,K20240224,1070.0,3.0,2.0,-1.0,1.0,206.0,-1.0,2.0,20.0,2.0,0.0,20.0,2.0,2.0,20.0,-1.0
1071,K20240224,1071.0,3.0,5.0,0.0,0.0,401.0,1.0,1.0,20.0,2.0,20.0,20.0,2.0,,20.0,1.0
1072,K20240224,1072.0,3.0,5.0,0.0,0.0,172.0,1.0,2.0,20.0,1.0,20.0,20.0,1.0,,20.0,1.0
1073,K20240224,1073.0,3.0,3.0,0.0,1.0,186.0,-1.0,1.0,80.0,2.0,50.0,80.0,1.0,1.0,80.0,-1.0
1074,K20240224,1074.0,3.0,3.0,0.0,1.0,181.0,1.0,2.0,50.0,1.0,80.0,80.0,1.0,1.0,80.0,1.0
1075,K20240224,1075.0,3.0,3.0,0.0,1.0,162.0,1.0,2.0,20.0,1.0,80.0,80.0,1.0,1.0,80.0,1.0
1076,K20240224,1076.0,3.0,2.0,0.0,1.0,170.0,1.0,2.0,20.0,2.0,80.0,80.0,2.0,2.0,80.0,1.0
1077,K20240224,1077.0,3.0,2.0,-1.0,1.0,270.0,-1.0,2.0,50.0,2.0,0.0,50.0,2.0,2.0,50.0,-1.0
1078,K20240224,1078.0,3.0,4.0,0.0,1.0,192.0,-1.0,2.0,80.0,1.0,50.0,80.0,2.0,2.0,80.0,-1.0
1079,K20240224,1079.0,3.0,1.0,0.0,1.0,536.0,-1.0,1.0,50.0,1.0,20.0,50.0,1.0,1.0,50.0,-1.0
1080,K20240224,1080.0,3.0,1.0,-1.0,1.0,172.0,-1.0,1.0,50.0,1.0,0.0,50.0,1.0,1.0,50.0,-1.0
1081,K20240224,1081.0,3.0,2.0,0.0,1.0,186.0,1.0,2.0,50.0,2.0,80.0,80.0,2.0,2.0,80.0,1.0
1082,K20240224,1082.0,3.0,2.0,0.0,1.0,164.0,1.0,2.0,20.0,2.0,50.0,50.0,2.0,2.0,50.0,1.0
1083,K20240224,1083.0,3.0,1.0,0.0,1.0,200.0,-1.0,1.0,80.0,1.0,50.0,80.0,1.0,1.0,80.0,-1.0
1084,K20240224,1084.0,3.0,1.0,0.0,0.0,984.0,1.0,1.0,80.0,1.0,20.0,20.0,1.0,1.0,80.0,-1.0
1085,K20240224,1085.0,3.0,4.0,0.0,1.0,170.0,1.0,1.0,20.0,2.0,50.0,50.0,2.0,2.0,50.0,1.0
1086,K20240224,1086.0,3.0,2.0,1.0,1.0,152.0,1.0,2.0,0.0,2.0,80.0,80.0,2.0,2.0,80.0,1.0
1087,K20240224,1087.0,3.0,2.0,0.0,1.0,172.0,-1.0,2.0,80.0,2.0,50.0,80.0,2.0,2.0,80.0,-1.0
1088,K20240224,1088.0,3.0,3.0,0.0,1.0,213.0,-1.0,1.0,50.0,2.0,20.0,50.0,1.0,1.0,50.0,-1.0
1089,K20240224,1089.0,3.0,1.0,-1.0,1.0,198.0,-1.0,1.0,80.0,1.0,0.0,80.0,1.0,1.0,80.0,-1.0
1090,K20240224,1090.0,3.0,2.0,-1.0,1.0,179.0,-1.0,2.0,80.0,2.0,0.0,80.0,2.0,2.0,80.0,-1.0
1091,K20240224,1091.0,3.0,2.0,0.0,1.0,163.0,-1.0,2.0,50.0,2.0,20.0,50.0,2.0,2.0,50.0,-1.0
1092,K20240224,1092.0,3.0,4.0,0.0,1.0,159.0,1.0,1.0,50.0,2.0,80.0,80.0,2.0,2.0,80.0,1.0
1093,K20240224,1093.0,3.0,1.0,0.0,1.0,351.0,-1.0,1.0,50.0,1.0,20.0,50.0,1.0,1.0,50.0,-1.0
1094,K20240224,1094.0,3.0,1.0,0.0,1.0,181.0,-1.0,1.0,80.0,1.0,20.0,80.0,1.0,1.0,80.0,-1.0
1095,K20240224,1095.0,3.0,1.0,0.0,1.0,175.0,1.0,1.0,50.0,1.0,80.0,80.0,1.0,1.0,80.0,1.0
1096,K20240224,1096.0,3.0,4.0,0.0,1.0,212.0,-1.0,2.0,50.0,1.0,20.0,50.0,2.0,2.0,50.0,-1.0
1097,K20240224,1097.0,3.0,2.0,-1.0,1.0,180.0,-1.0,2.0,20.0,2.0,0.0,20.0,2.0,2.0,20.0,-1.0
1098,K20240224,1098.0,3.0,4.0,0.0,1.0,162.0,1.0,1.0,20.0,2.0,80.0,80.0,2.0,2.0,80.0,1.0
1099,K20240224,1099.0,3.0,4.0,0.0,1.0,194.0,-1.0,2.0,80.0,1.0,50.0,80.0,2.0,2.0,80.0,-1.0
1100,K20240224,1100.0,3.0,5.0,0.0,0.0,188.0,1.0,2.0,50.0,1.0,50.0,50.0,1.0,,50.0,1.0
1101,K20240224,1101.0,3.0,1.0,1.0,1.0,152.0,1.0,1.0,0.0,1.0,50.0,50.0,1.0,1.0,50.0,1.0
1102,K20240224,1102.0,3.0,1.0,-1.0,1.0,222.0,-1.0,1.0,20.0,1.0,0.0,20.0,1.0,1.0,20.0,-1.0
1103,K20240224,1103.0,3.0,3.0,0.0,1.0,193.0,1.0,2.0,50.0,1.0,80.0,80.0,1.0,1.0,80.0,1.0
1104,K20240224,1104.0,3.0,2.0,1.0,1.0,133.0,1.0,2.0,0.0,2.0,50.0,50.0,2.0,2.0,50.0,1.0
1105,K20240224,1105.0,3.0,3.0,0.0,1.0,195.0,-1.0,1.0,50.0,2.0,20.0,50.0,1.0,1.0,50.0,-1.0
1106,K20240224,1106.0,3.0,5.0,0.0,0.0,330.0,1.0,2.0,80.0,1.0,80.0,80.0,1.0,,80.0,1.0
1107,K20240224,1107.0,3.0,1.0,-1.0,1.0,193.0,-1.0,1.0,80.0,1.0,0.0,80.0,1.0,1.0,80.0,-1.0
1108,K20240224,1108.0,3.0,1.0,0.0,1.0,211.0,-1.0,1.0,80.0,1.0,50.0,80.0,1.0,1.0,80.0,-1.0
1109,K20240224,1109.0,3.0,5.0,0.0,0.0,373.0,-1.0,1.0,80.0,2.0,80.0,80.0,1.0,,80.0,1.0
1110,K20240224,1110.0,3.0,4.0,0.0,1.0,189.0,-1.0,2.0,80.0,1.0,20.0,80.0,2.0,2.0,80.0,-1.0
1111,K20240224,1111.0,3.0,2.0,1.0,1.0,172.0,1.0,2.0,0.0,2.0,80.0,80.0,2.0,2.0,80.0,1.0
1112,K20240224,1112.0,3.0,2.0,0.0,1.0,147.0,1.0,2.0,20.0,2.0,50.0,50.0,2.0,2.0,50.0,1.0
1113,K20240224,1113.0,3.0,2.0,0.0,1.0,171.0,1.0,2.0,20.0,2.0,80.0,80.0,2.0,2.0,80.0,1.0
1114,K20240224,1114.0,3.0,5.0,0.0,0.0,194.0,1.0,2.0,20.0,1.0,20.0,20.0,1.0,,20.0,1.0
1115,K20240224,1115.0,3.0,1.0,1.0,1.0,139.0,1.0,1.0,0.0,1.0,80.0,80.0,1.0,1.0,80.0,1.0
